judul,url,isi
"Hasil Carabao Cup: Drama 9 Gol, Chelsea Hajar Leeds United 6-3",https://sport.detik.com/sepakbola/liga-inggris/d-8656256/hasil-carabao-cup-drama-9-gol-chelsea-hajar-leeds-united-6-3,"London - Chelsea melenggang ke babak 16 besar Carabao Cup 2026/2027 usai menggasak Leeds United . The Blues menang 6-3 di kandang. Bermain di Stamford Bridge, London, Kamis (10/9/2026), Chelsea turun dengan sejumlah pemain lapis kedua. Hasilnya, pasukan Xabi Alonso cukup kesulitan meladeni Leeds. Chelsea bahkan kejebolan sejak menit ke-23. Tarik Muharemovic membawa The Whites memimpin 1-0 lewat sundulannya hingga jeda. SCROLL TO CONTINUE WITH CONTENT Di babak kedua, Leeds bahkan sempat melebarkan keunggulannya. Brendan Aaronson membawa anak asuh Daniel Farke memimpin 2-0 tiga menit selepas turun minum. Tak mau tertinggal lebih jauh, Chelsea akhirnya bangkit. Pemain macam Cole Palmer, Pedro Neto, dan Morgan Rogers bisa merespons situasi dan gantian mendominasi Leeds United . ADVERTISEMENT Palmer sempat memperkecil skor jadi 1-2 lewat penaltinya di menit ke-53. Dua menit berselang, Palmer bisa menyamakan skor menjadi 2-2 lewat sepakan kaki kirinya. Di menit ke-60, Chelsea berbalik unggul lewat Neto. Ia bisa meneruskan sodoran Rogers menjadi gol. Lima menit berselang, Welbeck bisa menjauhkan keunggulan Chelsea menjadi 4-2. Rogers kembali jadi pemberi assist untuk rekannya. Leeds kemudian sempat memperkecil skor menjadi 3-4 lewat gol Dominic Calvert-Lewin di menit ke-75. Chelsea kemudian bisa menambah dua gol lagi lewat Valentin Barco dan gol kedua Welbeck. Kemenangan 6-3 mengantar Chelsea lolos ke babak keempat atau 16 besar Carabao Cup 2026/2027 . Laga akan dimainkan pada Oktober nanti. Susunan Pemain Chelsea : Mike Penders, Malo Gusto (Morgan Rogers 45'), Josh Acheampong, Maxence Lacroix, Levi Colwill (Wesley Fofana 76'), Pep Chavarria, Estevao (Pedro Neto 45'), Reggie Watson (Reece James 45'), Valentin Barco, Jamie Gittens (Cole Palmer 45'), Danny Welbeck Leeds United : Michael Zetterer, Tarik Muharemovic, Jaka Bijol, James Justin, Melvin Bard (Gabriel Gudmundsson 78'), Sean Longstaff (Ao Tanaka 67'), Ethan Ampadu, Daniel James (Anton Stach 66'), Brendan Aaronson (Noah Okafor 67'), Harry Wilson, Lukas Nmecha (Dominic Calvert-Lewin 66') Video: Arteta Mengaku Tidak Gugup Jelang Final Carabao Cup Video: Arteta Mengaku Tidak Gugup Jelang Final Carabao Cup (yna/mrp) carabao cup hasil carabao cup hasil carabao cup 2026/2027 carabao cup 2026/2027 chelsea vs leeds chelsea vs leeds united hasil chelsea vs leeds"
"Millwall Vs Newcastle: Elkan Baggott Main Penuh, Timnya Kalah 0-1",https://sport.detik.com/sepakbola/liga-inggris/d-8654649/millwall-vs-newcastle-elkan-baggott-main-penuh-timnya-kalah-0-1,"London - Elkan Baggott tampil penuh saat Millwall menjamu Newcastle United dalam laga Carabao Cup . Timnya tumbang 0-1 dari The Magpies. Putaran ketiga Carabao Cup menghadirkan duel Millwall vs Newcastle. Pertandingan digelar di The Den, Rabu (9/9/2026) dini hari WIB. Penggawa Timnas Indonesia Elkan Baggott tampil sebagai starter Millwall. Dia dimainkan sebagai bek kiri dalam formasi 4-2-3-1. SCROLL TO CONTINUE WITH CONTENT Baca juga: Hasil Millwall Vs Wrexham: The Lions Kalah 0-3, Baggott Starter Newcastle tampil menyerang sejak awal pertandingan. Millwall tampil disiplin di belakang meredam lini serang The Magpies. ADVERTISEMENT Millwall membuat peluang pada menit ke-26. Percobaan tembakan Lyndon Dykes dari umpan silang Elkan Baggott bisa ditepis kiper Newcastle Lukas Hornicek. Baggott kembali mengirim umpan berbahaya di menit ke-44. Kali ini Caleb Taylor yang menyambut bola dengan tandukannya, Lukas Hornicek kembali menyelamatkan gawang Newcastle dengan tepisannya. Tidak ada gol tercipta hingga turun minum. Babak pertama berakhir dengan skor kacamata 0-0. Baca juga: Pelatih Millwall Apresiasi Performa Solid Elkan Baggott Kebuntuan pecah di babak kedua, tepatnya menit ke-81. Joe Willock mencetak gol tap-in untuk Newcastle United, memaksimalkan assist Lewis Hall. Millwall gagal mengejar ketertinggalan di sisa waktu yang ada. Skor 1-0 untuk Newcastle jadi hasil akhir pertandingan. Elkan Baggott tak tergantikan sepanjang laga Millwall vs Newcastle. Dia mencatatkan 3 kali sapuan, sekali blok bola, sekali intersep, dan 2 kali umpan silang akurat. â¯ï¸ The 2025 winners are into Round Four! ð #EFL | #CarabaoCup pic.twitter.com/AMU5lstqvL â Carabao Cup (@Carabao_Cup) September 8, 2026 Susunan Pemain Millwall: Filip Marschall; Jake Cooper. Jordi Osei-Tutu, Elkan Baggott, Caleb Taylor, Daniel Kelly; Romain Esse, Jenson Metcalfe, Camiel Neghli; Zak Lovelace, Lyndon Dykes. Newcastle United: Lukas Hornicek; Lewis Hall, Amar Dedic, Sven Botman, Fabian Schar; Jacob Murphy, Joe Willock, Nico Gonzalez, Jacob Ramsey; Yoane Wissa, Harvey Barnes. Video Elkan Baggott Spill Beda Timnas Dulu dan Sekarang Video Elkan Baggott Spill Beda Timnas Dulu dan Sekarang (bay/rin) elkan baggott millwall newcastle united carabao cup piala liga inggris"
"Masih Niat Main buat Chelsea Gak, Enzo Fernandez?",https://sport.detik.com/sepakbola/liga-inggris/d-8639349/masih-niat-main-buat-chelsea-gak-enzo-fernandez,"Jakarta - Enzo Fernandez absen lagi di laga lawan Luton Town lalu. Manajer Chelsea Xabi Alonso menyiratkan gelandangnya itu tidak dalam kondisi tepat untuk main. Fernandez kembali absen saat Chelsea menjamu Luton di Carabao Cup pada tengah pekan. Sebelumnya ia juga tak main di laga pekan pertama Liga Inggris kontra Fulham. Dengan masa depannya masih dipertanyakan, gelandang internasional Argentina tersebut diperkirakan belum akan masuk skuad lawan Brighton & Hove Albion. Ia sedang diminati Manchester City dan diyakini penawaran akan segera datang. SCROLL TO CONTINUE WITH CONTENT Baca juga: Chelsea Lebih Baik Dengan atau Tanpa Enzo Fernandez? Alonso mengakui mengambil keputusan menepikan dulu Fernandez. Ada indikasi bahwa mantan pemain Benfica itu tidak dalam kondisi 100% untuk bermain baik secara fisik maupun mental. ADVERTISEMENT ""Saya sudah bilang kami butuh pemain yang berada di situasi terbaik untuk bermain. Kami harus mempertimbangkan semuanya: pemain-pemain di momen bagus, pemain-pemain yang tak punya energi untuk bermain,"" ungkap Alonso. Baca juga: Chelsea Vs Luton: Enzo Fernandez ke Mana? ""Bagi saya, sangat penting mereka punya hasrat untuk bermain dan menjalani persiapan yang bagus,"" ""Kami berbincang, dan kami memutuskan buat laga kemarin itu lebih baik dia tak masuk skuad. Dia tetap pemain top,"" tambahnya. Baca juga: John Terry: Enzo Fernandez Mau Tinggalkan Chelsea Video: Chelsea Jual Enzo Fernandez ke Man City Seharga Rp 3 T Video: Chelsea Jual Enzo Fernandez ke Man City Seharga Rp 3 T (raw/mrp) enzo fernandez chelsea liga inggris manchester city xabi alonso luton town carabao cup"
Liverpool Punya Sponsor Baru Musim depan,https://sport.detik.com/sepakbola/liga-inggris/d-8656205/liverpool-punya-sponsor-baru-musim-depan,"Liverpool - Tidak akan ada lagi logo Bank Standard Chartered di bagian depan jersey Liverpool musim depan. The Reds akan disponsori maskapai Turkish Airlines . Kesepakatan ini diumumkan, Selasa (8/9/2026), sekaligus mengakhiri kerjasama 17 tahun antara Liverpool dan Standard Chartered. Turkish Airlines akan menjadi sponsor untuk lima musim ke depan. Menurut The Athletic , nilai kerjasama ini adalah 300 juta paun selama periode di atas atau sekitar 60-65 juta paun per musim. Turkish Airlines jadi sponsor keenam sepanjang sejarah Liverpool. SCROLL TO CONTINUE WITH CONTENT Nilai kerjasama ini menyamai apa yang didapat Arsenal dari Fly Emirates, Manchester City dari Etihd Airways, dan Manchester United dari Snapdragon. Bedanya Turkish Airlines cuma jadi sponsor dada untuk tim Liverpool di berbagai level usia termasuk tim wanita. ""Ini adalah pengumuman penting bagi kami dan kami sangat senang menyambut Turkish Airlines sebagai sponsor utama klub kami mulai Juni 2027,"" ujar Chief Commercial Officer (CCO) Liverpool Ben Latty di situs resmi klub. ADVERTISEMENT Baca juga: Mac Allister Sedih Tak Ditawari Kontrak Baru di Liverpool ""Bagian depan jersey Liverpool memiliki tempat khusus dalam sejarah klub kami. Turkish Airlines adalah perusahaan yang diakui secara global dengan jaringan internasional yang luas, dan kami berharap dapat memulai kemitraan kami dan membangun hubungan yang kuat bersama, dengan fondasi yang sudah kuat yang dibangun dari kenangan istimewa di tahun 2005,"" sambungnya. Turkish Airlines merupakan maskapai nomor satu Turki yang berbasis di Istanbul. Turkish Airlines juga sempat jadi sponsor untuk Liga Champions beberapa musim lalu. Turki juga menyimpan cerita indah untuk Liverpool ketika mereka jadi juara Liga Champions 2005, usai mengalahkan AC Milan lewat adu penalti. Padahal si Merah kala itu sempat tertinggal 0-3 di babak pertama. ""Liverpool FC adalah salah satu klub top dan paling dihormati di dunia, dengan sejarah luar biasa serta fans mendunia,"" kata CEO Turkish Airlines Ahmet Olmustur. ""Kami sangat senang Turkish Airlines menjadi sponsor utama klub dan nama kami akan terpampang di salah satu jersey paling ikonik di dunia olahraga."" Baca juga: Apa Benar Liverpool Incar Calvin Verdonk? Video: Saling Berbalas Gol, Liverpool vs Nottingham Berakhir 2-2 Video: Saling Berbalas Gol, Liverpool vs Nottingham Berakhir 2-2 (mrp/adp) liverpool turkish airlines standard chartered liga inggris 2026/2027 liga inggris"
Enzo Fernandez Bahagia Banget Tetap Dilatih Maresca,https://sport.detik.com/sepakbola/liga-inggris/d-8655863/enzo-fernandez-bahagia-banget-tetap-dilatih-maresca,"Jakarta - Manchester City sudah mendatangkan Enzo Fernandez . Pemain asal Argentina itu bahagia kembali di bawah arahan Enzo Maresca. Mulai musim panas tahun ini, Man City ditangani Maresca. Pep Guardiola hengkang, pelatih asal Italia itu yang dipilih untuk menjadi penerusnya. Belanja besar dilakukan Man City. Elliot Anderson, Ayyoub Bouaddi, dan Enzo Fernandez yang didatangkan tim Manchester Biru. SCROLL TO CONTINUE WITH CONTENT Baca juga: Chelsea Gagal Dapat Pengganti Enzo, Ini Kata Xabi Alonso Dana sebesar 125 juta poundsterling digelontorkan oleh Man City untuk menebus Enzo Fernandez dari Chelsea. Ia menjadi pemain Premier League termahal musim ini. ADVERTISEMENT Enzo Fernandez pun gembira bisa kembali satu tim dengan Maresca. Sebelumnya, keduanya memperkuat Chelsea dan sukses mempersembahkan trofi UEFA Conference League dan Piala Dunia Antarklub 2025. ""Saya sangat senang karena Enzo Maresca melakukan semua yang dia bisa untuk mewujudkan kepindahan ini. Dia sangat mengenal saya dari masa kami bersama di Chelsea, dan saya sangat bersyukur atas semua yang telah dia lakukan untuk saya dan keluarga saya,"" kata Enzo, dikutip dari BBC. Baca juga: Enzo Tak Ragu-ragu Terima Tawaran Man City ""Saya akan memberikan 100 persen di setiap sesi latihan dan di setiap pertandingan demi membalas budi kepadanya,"" kata dia menambahkan. Enzo Fernandez sudah bermain dua kali untuk Man City. Dia membela The Citizens di laga melawan Coventry City (1-0) dan FC Porto (2-0). Baca juga: Enzo Fernandez Ngomong Begini, Fans Chelsea Panas Nggak? Video: Chelsea Jual Enzo Fernandez ke Man City Seharga Rp 3 T Video: Chelsea Jual Enzo Fernandez ke Man City Seharga Rp 3 T (cas/nds) enzo fernandez manchester city enzo maresca liga inggris"
Xabi Alonso Redam Isu Estevao Mau Cabut dari Chelsea,https://sport.detik.com/sepakbola/liga-inggris/d-8655272/xabi-alonso-redam-isu-estevao-mau-cabut-dari-chelsea,"Jakarta - Belakangan, ramai isu soal Estevao mau cabut dari Chelsea karena belum dipercaya. Manajer Xabi Alonso angkat bicara! Estevao belum main sebagai starter di tiga laga awal Chelsea pada Liga Inggris musim 2026/27. Estevao baru starter di Carabao Cup. Baca juga: Estevao Pikir-pikir Akan Tinggalkan Chelsea? SCROLL TO CONTINUE WITH CONTENT Kabarnya, Estevao mulai mempertimbangkan cabut dari Chelsea. Pemain berusia 19 tahun itu mau main reguler. Dilansir dari Mirror , manajer Chelsea, Xabi Alonso angkat bicara soal isu tersebut. Alonso tegaskan, Estevao masih jadi bagian penting buat The Blues! ADVERTISEMENT ""Musim ini akan berjalan panjang. Para pemain memiliki hasrat dan semangat tinggi untuk berkembang. Estevao adalah bagian dari tim, dia memiliki sikap dan mentalitas yang sangat baik,"" papar Alonso. ""Dia berlatih dengan baik. Dia baru-baru ini memberikan dampak positif dan mendapatkan peluang bagus,"" sambungnya. ""Saya mengandalkan Estevao karena potensinya dan usianya masih sangat muda,"" tambahnya. Baca juga: Chelsea dan 'Sakit' Tahunan Estevao sudah gabung ke Chelsea sejak musim panas 2025. Pada debutnya, pemain asal Brasil itu kemas delapan gol dan empat assist dari 36 laga di seluruh kompetisi. (aff/krs) estevao chelsea xabi alonso"
Michael Carrick Puas dengan Performa Rashford,https://sport.detik.com/sepakbola/liga-inggris/d-8654259/michael-carrick-puas-dengan-performa-rashford,"Jakarta - Marcus Rashford langsung mengamankan tempat utama sejak kembali ke Manchester United. Michael Carrick puas dengan performa pemain yang kini memakai nomor 9 di skuad Setan Merah itu. Rashford selalu bermain dalam tiga pertandingan yang dijalani Man United di Liga Inggris. Dia belum memberi gol atau assist. Kendati demikian, performa Rashford boleh dibilang cukup baik. Situs resmi Liga Inggris mencatat pemain berusia 28 tahun itu 15 kali memenangi duel, delapan kali mengirim umpan silang sukses, dan mempunyai akurasi umpan 74 persen. SCROLL TO CONTINUE WITH CONTENT Baca juga: Mbeumo: Rashford Tampak Bahagia di MU Sisi sayap kiri Man United menjadi andalan untuk melakukan serangan. Rashford sudah tampil selama 195 menit. ADVERTISEMENT ""Dia tampil sangat baik, seperti yang saya katakan selama pekan ini, dia bermain luar biasa sejak kembali,"" kata Carrick seperti dikabarkan oleh Manchester Evening News. Baca juga: Carrick Senang dengan Kembalinya Rashford ""Dia terlihat sangat tajam lagi hari ini dan berbahaya, momen penyelesaian akhirnya memang belum memihak padanya, tetapi saya pikir dia menciptakan peluang-peluang yang sangat bagus dan memberikan ancaman besar sepanjang pertandingan,"" kata dia menambahkan. Man United akan melawan Sabah di Liga Champions. Laga itu akan berlangsung di Stadion Old Trafford, Jumat (10/9/2026) dini hari WIB. Rashford bisa memberi kontribusi gol pertama untuk Man United musim ini? Baca juga: Carragher Tak Mau Banyak Bahas Rashford di Podcast, Ini Alasannya Simak juga Video Carrick Ogah Panik Usai MU Disikat Hull: Ini Cuma Satu Pertandingan [Gambas:Video 20detik] (cas/pur) michael carrick marcus rashford manchester united"
Mac Allister Sedih Tak Ditawari Kontrak Baru di Liverpool,https://sport.detik.com/sepakbola/liga-inggris/d-8654662/mac-allister-sedih-tak-ditawari-kontrak-baru-di-liverpool,"Liverpool - Gelandang Liverpool Alexis Mac Allister mengaku sedih karena tidak ditawari kontrak baru. Mac Allister tinggal memiliki sisa dua tahun di kontraknya. Pemain internasional Argentina itu bergabung Liverpool setelah digaet dari Brighton pada musim panas 2023. Mac Allister nyaris tak tergantikan di lini tengah dan sudah membuat lebih dari 150 penampilan di semua kompetisi dengan sumbangan 19 gol dan 20 assist. Kontribusinya ikut mengantar the Reds memenangi titel juara Premier League dan Piala Liga Inggris. Baca juga: Isak Lagi 'Panas', Kini Kejar Gol Perdana bersama Liverpool di Liga Champions SCROLL TO CONTINUE WITH CONTENT Meski begitu, Liverpool agaknya belum mau buru-buru menawarkan kesepakatan baru kepada Alexis Mac Allister . Si pemain sendiri mengaku sedih karena tak mendapatkan kontrak baru seperti dua rekan setimnya: Dominik Szoboszlai dan Ryan Gravenberch. ""Aku menerima kabar bahwa klub tidak dalam posisi untuk menawarkan kontrak baru kepadaku, yang tentu saja membuatku sangat, sangat sedih,"" ujar pemain berusia 27 tahun ini dilansir ESPN. ADVERTISEMENT Baca juga: Apa Benar Liverpool Incar Calvin Verdonk? ""Karena kupikir semua orang bisa melihat bahwa aku memberikan 100% untuk klub ini, setiap hari di latihan, pertandingan... Aku selalu memberikan yang terbaik."" ""Tentu saja, sebagai contoh, aku melihat Dominik [Szoboszlai] dan Ryan [Gravenberch], memperpanjang kontrak mereka, dan itu membuatku sangat senang karena mereka pantas mendapatkannya."" ""Namun, hal itu sekaligus membuatku sedikit sedih karena aku tidak mendapatkan kontrak baru. Tadinya ada opsi untuk pergi di musim panas ini, dan kupikir sekarang aku berada di klub yang tepat, dan aku punya pola pikir yang tepat untuk memberikan 100% untuk klub ini,"" Mac Allister menambahkan. Video: Jeff Bezos Dikabarkan Beli Sepertiga Saham Liverpool Video: Jeff Bezos Dikabarkan Beli Sepertiga Saham Liverpool (rin/adp) alexis mac allister liverpool"
"Haaland Minim Pramusim, Khawatir Performanya Turun",https://sport.detik.com/sepakbola/liga-inggris/d-8654554/haaland-minim-pramusim-khawatir-performanya-turun,"Jakarta - Striker Manchester City Erling Haaland khawatir minimnya jeda musim panas akan berdampak buruk ke performanya. Haaland bahkan tidak ikut pramusim. Haaland menjalani musim panas yang tidak seperti biasanya. Kali ini ia harus tetap bertanding sebab Norwegia tampil di Piala Dunia untuk pertama kalinya setelah 28 tahun absen dan melaju sampai perempatfinal. Melangkah jauh di Piala Dunia, Haaland lantas mendapat libur lebih panjang pada musim panas lalu. Namun, hal itu kemudian juga membuatnya absen dalam laga-laga pramusim City. SCROLL TO CONTINUE WITH CONTENT Haaland tak hanya khawatirkan kondisinya karena minim pramusim. Tidak adanya jeda yang cukup dari sepakbola juga dikhawatirkan berdampak kepada mentalnya. Baca juga: Haaland Sudah 300 Gol di Level Klub, Cuma Kalah Cepat dari Messi ADVERTISEMENT ""Musim baru mulai dan saya bahkan tidak ikut pramusim. Saya biasanya ada pramusim tapi kali ini, tidak ada,"" ujar Haaland di saluran YouTube-nya seperti dikutip Sky Sports. ""Aspek fisik akan terbentuk, kalau Anda bisa jauh dari cedera, tapi juga harus tajam secara mental, dan itu tidak mudah."" ""Kami harus punya rasa ingin kembali tapi kami tidak memilikinya karena tidak ada waktu untuk benar-benar menjauh dari sepakbola karena ada begitu banyak pertandingan dan musimnya lebih panjang."" ""Saya tidak mengeluh karena ini masih hal yang positif, bahwa Anda bisa main sepakbola di sepanjang tahun dan hidup dari sana. Tapi kadang kami juga butuh jeda. Jadi kita lihat saja nanti. Saya belum pernah ada di situasi ini sebelumnya. Saya belum pernah main di Piala Dunia sebelumnya, jadi tidak tahu akan bagaimana nantinya,"" katanya. Baca juga: Kans Erling Haaland Ukir Rekor Baru di Liga Champions Video: Pelatih FC Porto Akui Haaland Salah Satu Striker Terbaik Dunia Video: Pelatih FC Porto Akui Haaland Salah Satu Striker Terbaik Dunia (nds/pur) erling haaland manchester city"
Carrick Sebut MU Baik-baik saja,https://sport.detik.com/sepakbola/liga-inggris/d-8653670/carrick-sebut-mu-baik-baik-saja,"Jakarta - Manchester United awali Liga Inggris dengan sekali menang, sekali imbang, dan sekali kalah. Pelatih Michael Carrick sebut MU baik-baik saja. Manchester United membuka Liga Inggris 2026/27 dengan kekalahan 0-2 dari Hull City. MU lanjut menang 5-2 atas Ipswich Town, lalu ditahan imbang Everton 2-2. Baca juga: Belum Sepekan di Everton, Maitland-Niles Jebol Gawang MU dan Ukir Sejarah SCROLL TO CONTINUE WITH CONTENT Manchester United sementara duduk di peringkat ke-11 Klasemen Liga Inggris dengan empat poin dari tiga laga. Laga berat menanti. Mu akan menjamu Manchester City dalam Derby Manchester pada Minggu (13/9) pukul 22.30 WIB! ADVERTISEMENT Baca juga: Sudahi Sedihmu, MU... Pelatih Manchester United, Michael Carrick sebut timnya baik-baik saja. Carrick yakin, Manchester United akan segera bangkit. ""Sebenarnya kami tidak seburuk itu, lho,"" ujar Carrick dilansir dari BBC. ""Kami nyaris saja membawa pulang tiga poin. Begitulah sepak bola. Ada momen-momen kecil yang bisa kami tangani dengan lebih baik, tapi kami akan baik-baik saja,"" sambungnya. Michael Carrick menilai timnya sudah padu. Khususnya para gelandang tengah baru yang didatangkan. Baca juga: Carrick Akui MU Punya PR di Pertahanan (aff/krs) manchester united michael carrick liga inggris"
Arsenal Makin Pede Main Cantik,https://sport.detik.com/sepakbola/liga-inggris/d-8654327/arsenal-makin-pede-main-cantik,"Jakarta - Sukses menjadi juara Premier League musim lalu mengangkat beban besar dari pundak Arsenal . Kiper Arsenal David Raya menyebut timnya kini makin percaya diri main cantik. Setelah beberapa musim hanya 'nyaris', Arsenal akhirnya jadi juara Premier League pada 2025/26 lalu. Keberhasilan itu sekaligus mengakhiri penantian selama 22 tahun. Memasuki musim baru, Arsenal menunjukkan start yang impresif. Usai menang meyakinkan atas Manchester City di Community Shield, The Gunners memenangi tiga laga pertamanya di Premier League. SCROLL TO CONTINUE WITH CONTENT Yang terakhir, Arsenal menang 2-1 atas Chelsea meski sempat kebobolan lebih dulu. Kai Havertz dkk. tampil menyerang dengan total 16 tembakan untuk membalikkan keadaan. Baca juga: Arsenal Masih Sempurna, tapi Badai Akan Semakin Kencang ADVERTISEMENT Arsenal musim lalu dijuluki 'set piece FC' sebab banyak menghasilkan gol lewat bola mati (25 gol) di Premier League. Namun musim ini, enam gol yang diciptakan pasukan Mikel Arteta itu di Premier League lahir dari open play dan serangan balik. Raya menyebut Arsenal sudah semakin percaya diri main menyerang. Keberhasilan menjadi juara musim lalu mendongkrak keyakinan Meriam London. ""Tentu saja, menjuarai liga setelah bertahun-tahun dan setelah musim-musim di mana Anda sudah sangat dekat, itu memberi kelegaan dan kepercayaan diri ekstra,"" ujar Raya seperti dilansir Mirror. Baca juga: Betapa Cairnya Lini Depan Arsenal ""Setelah tiga pertandingan, khususnya Community Shield, menang melawan Manchester City, cara kami bermain, itu memberi motivasi dan kepercayaan diri ekstra untuk bermain dengan cara yang ingin kami mainkan."" ""Dan tentu saja, menjadi juara musim lalu bikin fans bahagia. Orang-orang di sekitar klub sangat senang. Jadi semoga kami bisa terus bermain seperti ini karena kami tahu betapa bagusnya kami."" ""Kami tahu kami bisa mengalahkan siapa saja di liga ini. Mari fokus saja ke saat ini. Dan saya ingin lebih dari diri saya sendiri,"" katanya menambahkan. Baca juga: Biar Mental Juara Arsenal yang Bicara Video Hasil Liga Inggris: Arsenal Kalahkan Chelsea 2-1 Video Hasil Liga Inggris: Arsenal Kalahkan Chelsea 2-1 (nds/aff) arsenal premier league david raya"
Ederson Angkat Bicara soal Batal Gabung ke MU,https://sport.detik.com/sepakbola/liga-inggris/d-8654323/ederson-angkat-bicara-soal-batal-gabung-ke-mu,"Jakarta - Manchester United gagal dapatkan Ederson di bursa transfer musim panas. Sang gelandang angkat bicara. Manchester United sudah setahun terakhir incar Ederson dari Atalanta. Sang gelandang dinilai bakal lebih memperkuat kedalaman tim di lini tengah. Baca juga: MU Tidak Belanja Besar, Carrick Kalem SCROLL TO CONTINUE WITH CONTENT Transfer tersebut gagal terwujud di musim panas 2026. Manchester United malah dapatkan tiga gelandang baru yakni Andrey Santos, Youri Tielemans, dan Carlos Baleba. Dilaporkan Tribuna , MU dan Atalanta padahal sudah capai kata sepakat. Ederson bakal diboyong seharga 38 juta Euro atau setara Rp 778 miliar. ADVERTISEMENT Diketahui, kegagalan transfer Ederson adalah saat tes medis. MU khawatir dengan cedera kambuhannya. Ada riwayat masalah lutut dan operasi meniskus yang pernah dijalani. Baca juga: Rekor Jual Pemain 20 Klub Premier League usai Arsenal Lepas Martinelli Ederson angkat bicara. Dirinya mengaku dalam kondisi baik-baik saja. ""Kondisi saya sangat baik, seperti biasanya,"" ujar pemain berusia 27 tahun itu. ""Secara fisik, saya tidak memiliki keluhan apa pun. Saya selalu diberkati dalam hal tersebut,"" tegasnya. Setelah gagal ke MU, pemain asal Brasil itu menandatangani kontrak baru dengan Atalanta. Kontrak barunya berlaku hingga tahun 2031 dan memulai musim 2026-27 dengan status sebagai kapten klub. (aff/nds) manchester united ederson atalanta"
Ada Apa dengan Garnacho?,https://sport.detik.com/sepakbola/liga-inggris/d-8653673/ada-apa-dengan-garnacho,"Jakarta - Alejandro Garnacho belum bersinar di Aston Villa. Sang winger lagi jadi pemain pengganti melulu, ini kata Unai Emery. Aston Villa meminjam Alejandro Garnacho dari Chelsea sepanjang musim 2026/27. Ada klausul pembelian permanen. Baca juga: Tentang Seringnya Chelsea-Villa Bertukar Pemain SCROLL TO CONTINUE WITH CONTENT Dilansir dari Mirror , Alejandro Garnacho belum dapat kesempatan main sebagai starter. Dari tiga laga awal di Liga Inggris, Garnacho cuma jadi pemain pengganti. Catatan waktunya juga tidak banyak. Total hanya baru 31 menit dirinya di lapangan. ADVERTISEMENT Baca juga: Alejandro Garnacho Langsung 'Babak Belur' di Pramusim Aston Villa ""Kami memiliki pemain lain yang baru bergabung dan perlu beradaptasi dalam hal latihan serta pertandingan, salah satunya Garnacho,"" ujar manajer Aston Villa, Unai Emery. ""Kami membutuhkan performa mereka untuk memberikan kontribusi lebih, bekerja keras, dan mencatatkan statistik yang baik. Garnacho sedang dalam proses itu,"" tambahnya. Aston Villa punya klausul pembelian permanen untuk Alejandro Garnacho. Itu andai, Garnacho main 10 kali di Liga Inggris. Villa harus menebusnya dari Chelsea seharga 43 juta Pounds atau setara Rp 946 miliar. (aff/nds) alejandro garnacho aston villa liga inggris unai emery"
Apa Benar Liverpool Incar Calvin Verdonk?,https://sport.detik.com/sepakbola/liga-inggris/d-8653503/apa-benar-liverpool-incar-calvin-verdonk,"Jakarta - Ramai di sosial media, bek sayap Indonesia Calvin Verdonk diminati Liverpool. Apa benar? Beberapa akun Instagram soal pemain diaspora meramaikan rumor Calvin Verdonk yang main di Lille diminati Liverpool. Liverpool lagi butuh bek sayap kiri baru setelah kepergian Andy Robertson, sementara Milos Kerkez dinilai kurang sip. Malah, angka transfernya disebut-sebut mencapai 11 juta Euro atau setara Rp 225 miliar. SCROLL TO CONTINUE WITH CONTENT Baca juga: Menanti Sejarah Indonesia di Liga Champions Lewat Calvin Verdonk detikSport melakukan penelusuran ke media-media Inggris. Tidak ada yang memberitakan rumor tersebut! ADVERTISEMENT Sebabnya, bursa transfer sudah ditutup pada 1 September. Liverpool tidak membeli bek baru, Kerkez masih jadi pilihan manajer Iraola. Baca juga: Menanti Calvin Verdonk Vs Olise, Saka, dan Antony Calvin Verdonk memang lagi kalah saing di Lille. Verdonk harus bersaing dengan Romain Perraud, yang lebih dipercaya pelatih Davide Ancelotti. Verdonk sudah main tiga laga di Ligue 1 dengan dua kali jadi pengganti, total hanya 24 menit. Sekali jadi starter selama satu babak. Verdonk masih terikat kontrak dengan Lille sampai musim panas 2028. Nilai pasar pemain berusia 29 tahun itu di angka 2,5 juta Euro atau setara Rp 51 miliar. Tonton juga Video: Assist Verdonk Tak Mampu Selamatkan Lille dari Kekalahan [Gambas:Video 20detik] (aff/cas) calvin verdonk liverpool"
Eks Liverpool: Kerkez dan Frimpong Bapuk,https://sport.detik.com/sepakbola/liga-inggris/d-8653134/eks-liverpool-kerkez-dan-frimpong-bapuk,"Liverpool - Eks pemain Liverpool Danny Murphy menyoroti performa Milos Kerkez dan Jeremie Frimpong . Kedua bek sayap itu dinilainya masih di bawah standar. Kerkez dan Frimpong didatangkan Liverpool pada musim panas 2025. Biaya transfer kedua pemain tersebut mencapai 80 juta paun. Meski ditebus dengan harga cukup mahal, Kerkez dan Frimpong belum menunjukkan performa maksimal. Keduanya masih kesulitan beberapa kali untuk 'nyambung' dengan pemain-pemain depan Liverpool dalam membangun serangan. SCROLL TO CONTINUE WITH CONTENT Baca juga: Luis Figo Heran Lihat Transfer Pemain Sekarang Harganya Triliunan Tak hanya itu, akurasi umpan silang dan keputusan akhir Kerkez dan Frimpong masih dibilang kurang. Hal itu membuat aliran bola Liverpool dapat dipotong lawan yang kemudian dapat melancarkan serangan balik. ADVERTISEMENT Danny Murphy mengkritik performa Kerkez dan Frimpong. Bek kiri dan kanan Liverpool itu dianggap sebagai penurunan ketimbang pendahulunya, Trent Alexander-Arnold dan Andy Robertson. ""Mereka mendatangkan dua bek sayap yang tidak sebaik Trent dan Robertson. Saya pikir mereka cukup baik dalam bertahan, tidak brilian sih, tetapi cukup baik,"" kata Murphy, dilansir dari TalkSPORT . Baca juga: Liverpool Tak Daftarkan Chiesa dan Endo di Skuad Liga Champions ð¨ð¨| STAT: Kerkez + Frimpong have 1 successful cross from 13 attempts in the first 2 PL games. [ @OptaAnalyst ] pic.twitter.com/49FHn5nw0y â Living Liverpool (@Livin_Liverpool) August 29, 2026 ""Dalam posisi menyerang, tim-tim terbaik memiliki bek sayap yang sangat bagus dalam menguasai bola karena tim-tim lawan menutup ruang di tengah lapangan, sehingga ruangnya menjadi lebar,"" pemain yang pernah membela Liverpool pada 1997-2004 itu menambahkan. ""Bek sayap Liverpool mendapatkan banyak penguasaan bola, tapi Frimpong serta Kerkez tidak memiliki kualitas yang dibutuhkan untuk membongkar pertahanan lawan,"" ujarnya. Baca juga: Awas! Gakpo-Isak Siap 'Gasak' Lawan-lawan Liverpool Video Liverpool Kejar Barcola, Iraola Tunggu Kabar Baik Video Liverpool Kejar Barcola, Iraola Tunggu Kabar Baik (bay/rin) liverpool milos kerkez jeremie frimpong danny murphy premier league liga inggris"
Wasit Chris Kavanagh Disorot Usai Pimpin Laga Arsenal Vs Chelsea,https://sport.detik.com/sepakbola/liga-inggris/d-8653064/wasit-chris-kavanagh-disorot-usai-pimpin-laga-arsenal-vs-chelsea,"London - Wasit Chris Kavanagh jadi sorotan usai memimpin duel Arsenal kontra Chelsea . Beberapa keputusan yang diambilnya menimbulkan kontroversi. Arsenal vs Chelsea tersaji di Emirates Stadium dalam lanjutan Liga Inggris, Minggu (6/9/2026). Pertandingan berakhir untuk kemenangan Meriam London 2-1. Chelsea unggul lebih dulu lewat gol Morgan Rogers. Arsenal membalas via gol Kai Havertz dan Martin Odegaard. SCROLL TO CONTINUE WITH CONTENT Baca juga: Arsenal Vs Chelsea: Comeback, The Gunners Bekuk The Blues Duel bertajuk Derby London ini diwarnai berbagai insiden panas. Salah satunya keributan antara Morgan Rogers dan Declan Rice di babak kedua. ADVERTISEMENT Rice terekam kamera menjegal Rogers yang sedang berlari dari belakang. Rogers langsung menghampiri Rice dan mendorongnya penuh emosi. Wasit Chris Kavanagh memberi kartu kuning atas sikap Rogers. Namun, tidak ada hukuman yang diberikan kepada Rice yang memicu insiden ini. Keputusan Kavanagh tak memberi kartu kuning kepada Rice dipertanyakan Gary Neville. Legenda Manchester United ini menilai pemain Arsenal itu layak dihukum karena menjegal jatuh lawan yang tak menguasai bola. Baca juga: 'Sulap' Ala Gabriel, Tendang Kepala Martinez dan Lolos Sanksi Actually nuts how rogers got a yellow and rice got away with this pic.twitter.com/P5SEs92f8O â ð¦ (@cfcyusxf) September 6, 2026 ""Morgan Rogers marah dan dia mendorong Declan Rice. Dia sudah benar. Rice menjegalnya,"" kata Neville kepada Sky Sports. ""Saya tak percaya wasit tidak melihat itu. Declan Rice sadar dia tak bisa membalas Morgan Rogers, mereka rekan setim di Timnas Inggris,"" ujarnya. Selain insiden Rogers dan Rice, Kavanagh juga tak memberi hukuman saat Gabriel Magalhaes menyepak kepala kiper Chelsea Emiliano Martinez di babak pertama. Insiden tersebut dianggap sebagai ketidaksengajaan, sehingga bek Arsenal itu lolos dari sanksi. Baca juga: Arteta: Tekel Konsa ke Morgan Rogers Itu Khas Inggris Video Hasil Liga Inggris: Arsenal Kalahkan Chelsea 2-1 Video Hasil Liga Inggris: Arsenal Kalahkan Chelsea 2-1 (bay/mrp) arsenal chelsea arsenal vs chelsea chris kavanagh gary neville premier league liga inggris"
"Sudahi Sedihmu, MU...",https://sport.detik.com/sepakbola/liga-inggris/d-8652946/sudahi-sedihmu-mu,"Manchester - Manchester United gagal menang saat melawan Everton usai kejebolan di menit akhir. Benjamin Sesko mengajak rekan-rekannya bangkit dari rasa sakit itu. MU sedianya nyaris menang di Hill Dicknson Stadium, Minggu (6/9). Dua kali unggul lewat Bryan Mbeumo dan Sesko, Everton membalas lewat Tyrique George dan Ainsley Maitland-Niles. Gol kedua Everton yang bikin nyesek MU. Sebab, Maitland-Niles mencetaknya menit ke-96, dan seharusnya lima menit perpanjangan waktu. SCROLL TO CONTINUE WITH CONTENT Maitland-Niles menjebol gawang Mu lewat sepakan indah dari luar kotak penalti. Bolanya gagal dibendung dan akhirnya membuat kemenangan MU sirna di menit akhir. ""Tentu saja kami kecewa karena kami sudah sangat dekat namun akhirnya terasa begitu jauh. Kebobolan gol seperti ini, terutama di menit-menit terakhir sekali, terjadi seperti yang terjadi tadi, sungguh menyakitkan bagi semua orang karena semua orang sudah memberikan segalanya untuk mencoba memenangkan pertandingan karena kami benar-benar menginginkannya,"" kata Sesko, melansir ESPN. ADVERTISEMENT ""Setiap orang di sini menginginkannya, dan kemudian pada momen-momen seperti ini, ketika tendangan terakhir seperti itu menentukan hasil akhir, rasanya sangat, sangat menyakitkan,"" kata penyerang asal Slovenia itu. Baca juga: MU Sudah Bagus, Kok Lebih lanjut, Sesko berharap rekan-rekannya bisa bangkit dari hasil tersebut. Ia meminta MU fokus untuk laga-laga berikutnya. ""Sangat penting untuk memandang segala sesuatunya secara positif, meskipun ini bukan hasil terbaik hari ini,"" kata Sesko. ""Tetapi mari lihat pertandingan ini dari sisi yang baik, tetap berusaha memperbaiki diri, fokus untuk pertandingan berikutnya, dan berusaha memenangkan pertandingan berikutnya, cuma itu,"" katanya. Baca juga: Belum Sepekan di Everton, Maitland-Niles Jebol Gawang MU dan Ukir Sejarah Video: Gol Maitland-Niles Buyarkan Kemenangan MU di Menit Akhir Pertandingan Video: Gol Maitland-Niles Buyarkan Kemenangan MU di Menit Akhir Pertandingan (yna/krs) benjamin sesko manchester united everton vs mu everton vs manchester united premier league premier league 2026/2027 liga inggris 2026/2027 liga inggris"
Cerita Ndiaye Hampir Gabung Spurs Sebelum Dibajak Man City,https://sport.detik.com/sepakbola/liga-inggris/d-8652702/cerita-ndiaye-hampir-gabung-spurs-sebelum-dibajak-man-city,"Manchester - Iliman Ndiaye mengaku langsung mengiyakan tawaran bergabung dengan Manchester City di pengujung bursa transfer musim panas lalu. Ia meyakini Tuhan sudah membukakan jalan untuk bergabung dengan The Citizens. City menebus Ndiaye dari Everton seharga 60 juta pound plus add-ons senilai 5 juta pound di hari penutupan bursa transfer pada 1 September lalu. Empat hari kemudian, ia sudah dipercaya manajer Enzo Maresca sebagai starter untuk melawan Coventry City. Padahal ia sempat hampir menyeberang ke Tottenham Hotspur di pekan terakhir bursa transfer. Kedua tim bahkan sudah mencapai kata sepakat. Namun karena Spurs gagal melepas Richarlison, akhirnya transfer ini kolaps. SCROLL TO CONTINUE WITH CONTENT Baca juga: Jadwal Liga Champions Pekan Ini: Real Madrid Vs Inter, Napoli Vs Arsenal! City kemudian berhasil mendapat keuntungan dari situasi itu. Jadilah Ndiaye dikontrak selama lima tahun, mengakhiri kebersamaan yang sudah terjalin dengan Everton sejak 2024. ADVERTISEMENT ""Tidak ada rasa stres ataupun panik. Saya selalu berprinsip bahwa apa pun yang akan terjadi, terjadilah. Tuhan yang menentukan masa depan Anda-semuanya sudah digariskan,"" ujar Ndiaye soal kepindahannya, dikutip BBC. ""Saya hanya bersabar, dan ketika tawaran dari City datang, saya sangat gembira. Memang sudah seharusnya saya bergabung dengan City. Baca juga: Klasemen Liga Inggris: Arsenal dan City Masih Sempurna, MU Nomor 11 ""Saya menginginkan Liga Champions dan kesempatan bermain untuk salah satu tim terbaik di dunia. Saya tidak bilang Tottenham bukan tim hebat, tetapi ketika Manchester City datang memanggil, Anda tidak mungkin menolaknya."" ""Ini adalah pekan yang indah bagi saya, dan semuanya disempurnakan dengan sebuah kemenangan (atas Coventry)."" Meski hanya sebentar, Ndiaye mengaku nyaman selama tinggal di Liverpool. Apalagi ia juga menjadi pemain favorit suporter berkat sumbangsih 17 gol dalam 74 penampilan bersama The Toffees. Namun ia mantap menginginkan jalan karier yang lebih baik. Baca juga: Biar Mental Juara Arsenal yang Bicara ""Saat berbincang dengan istri, saya katakan padanya bahwa jika saya harus meninggalkan Everton, saya hanya akan pindah ke klub tempat saya bisa bermain di Liga Champions,"" ujarnya. ""Berat rasanya meninggalkan Everton. Saya telah menjalin ikatan yang kuat dengan para penggemar dan pemain di sana, namun terkadang kita harus melangkah maju; begitulah dunia sepak bola,"" tegas pemain berpaspor Senegal itu. (adp/krs) iliman ndiaye manchester city everton tottenham hotspur"
Alonso Akui Salah Mainkan Caicedo Terlalu Cepat,https://sport.detik.com/sepakbola/liga-inggris/d-8652537/alonso-akui-salah-mainkan-caicedo-terlalu-cepat,"Jakarta - Manajer Chelsea Xabi Alonso memilih tak menurunkan Moises Caicedo lawan Arsenal. Ia mau memastikan gelandangnya pulih sepenuhnya. Caicedo pekan lalu dimainkan Alonso sebagai pengganti. Ia masuk pada menit ke-82 untuk menggantikan Pedro Neto, tapi kemudian ditarik keluar lagi untuk digantikan Valentin Barco. Baca juga: Alonso: Chelsea Harus Move On dari Enzo Fernandez SCROLL TO CONTINUE WITH CONTENT Lutut gelandang internasional Ekuador itu kambuh sehingga Alonso langsung mengambil langkah agar tak lebih buruk. Alonso juga mengambil keputusan tak membawa Caicedo tandang ke Emirates Stadium. Manajer asal Basque itu menjelaskan bahwa Caicedo bukannya bakal menepi lama. Tapi gelandang 24 tahun itu diistirahatkan agar memastikan lututnya benar-benar sembuh dulu setelah kesalahan pekan lalu. ADVERTISEMENT Baca juga: Selembar Kertas Catatan Xabi Alonso ke Reece James, Apa Isinya? ""Itu bukan cedera jangka panjang koko. Tapi ini soal meninjau risikonya,"" kata Alonso dikutip Sky Sports . ""Pekan lalu, kami memainkannya terlalu cepat. Saya tak mau membuat kesalahan yang sama."" Absennya Caicedo bikin Chelsea kehabisan opsi di posisi gelandang bertahan. Mereka memulai dengan memainkan Reece James, yang berposisi asli bek kanan, lalu memasukkan Malo Gusto yang juga bek kanan untuk menggantikan Romeo Lavia. Baca juga: Chelsea Tak Kecewa-kecewa Banget (raw/yna) moises caicedo xabi alonso chelsea"
Problem Utama Chelsea Saat Ini Cuma...,https://sport.detik.com/sepakbola/liga-inggris/d-8652485/problem-utama-chelsea-saat-ini-cuma,"Jakarta - Chelsea dianggap mampu memberikan ancaman serius ke Arsenal lewat lini serangnya. Tapi ada persoalan penting yang diyakini perlu dibereskan di bursa transfer. Chelsea sempat mengejutkan Arsenal dalam laga di Emirates Stadium, Minggu (6/9/2026) malam WIB. Gol cepat Morgan Rogers pada menit kedua kembali menunjukkan potensi besar trio penyerang mereka. Tapi kemudian momentum itu gagal dimaksimalkan, seiring kendali yang direbut oleh Arsenal. Sang juara bertahan lantas membalas dengan dua gol lewat Kai Havertz dan Martin Odegaard. SCROLL TO CONTINUE WITH CONTENT Baca juga: Kai Havertz: London Masih Merah! Kekalahan 1-2 ini lantas semacam mengonfirmasi bahwa Chelsea punya pekerjaan rumah di pertahanan, yang belum cukup mampu menahan tekanan. Sebelum Arsenal, The Blues bahkan sudah dibobol oleh Fulham dan Brighton & Hove Albion. ADVERTISEMENT Mantan bek Manchester United Gary Neville melihat Xabi Alonso perlu menambah opsi berkualitas di pertahanannya. Tiga beknya semalam: Josh Acheampong, Maxence Lacroix, dan Wesley Fofana terlihat jauh dari meyakinkan. ""Tiga beknya itu, saya lihat-lihat, hampir seperti kaki-kakinya tak terhubung dengan pinggul, dan pinggul-pinggulnya tak terhubung dengan badan. Mereka seperti kacau dan tak beraturan,"" kata Neville di Sky Sports. Baca juga: Pertahanan yang Keropos Masih Jadi PR Chelsea ""Saya melihat ke pola tiga bek terbaik yang mungkin pernah saya lihat, yakni tiga bek Juventus dan Italia dengan Andrea Barzagli, Leonardo Bonucci, dan Giorgio Chiellini, tiga raksasa sejati."" ""Mereka bekerja bersama-sama sebagai tiga bek, tahu bagaimana memosisikan diri mereka, mereka jago di udara, tahu bagaimana menaikkan garis pertahanan dan kapan harus turun lebih dalam. Mereka menata orang-orang di depan mereka,"" imbuhnya. Melihat performa Chelsea saat ini, Xabi Alonso disebut perlu diapresiasi. Ia sudah berhasil menemukan poin unggul dari tim dan perlu dipercaya menambal yang kurang. Baca juga: Selembar Kertas Catatan Xabi Alonso ke Reece James, Apa Isinya? ""Mungkin Chelsea betul-betul perlu merekrut lebih banyak pemain seiring perjalanan 1-2 musim ke depan bersama Xabi Alonso. Dia serius sudah banyak bekerja,"" sambung pria yang kini jadi komentator itu. ""Dia cuma butuh tiga bek yang terasa solid. Mereka tak terlihat solid, mereka terlihat agak berantakan. Jadi itu persoalannya saat ini."" (raw/krs) chelsea xabi alonso liga inggris"
"MU Sudah Bagus, Kok",https://sport.detik.com/sepakbola/liga-inggris/d-8652482/mu-sudah-bagus-kok,"Jakarta - Kendati gagal menang, penampilan Manchester United lawan Everton dinilai sudah apik. Ada nuansa ketidakberuntungan dari hasil seri yang didapat. MU dua kali memimpin di Hill Dickinson Stadium, Minggu (6/9/2026) malam WIB, namun harus puas dengan hasil 2-2. Everton selalu berhasil menyamakan, pertama lewat sepakan menyudut dari Tyrique George dan kedua dari tembakan spekulatif Ainsley Maitland-Niles. Baca juga: Carrick Akui MU Punya PR di Pertahanan SCROLL TO CONTINUE WITH CONTENT Secara umum, MU bermain lebih dominan meski tak cukup mengontrol ancaman tuan rumah. Dua gol Everton yang tercipta pun hasil dari tembakan-tembakan cemerlang yang memang sulit dibendung. Penyerang legendaris MU Wayne Rooney merasa Michael Carrick tak perlu berkecil hati meski gagal menang. MU punya banyak hal menjanjikan dan musim masih panjang, memberi waktu dan kesempatan untuk berbenah. ADVERTISEMENT Baca juga: Everton Vs Man Utd: Imbang Rasa Kalah buat Setan Merah ""Menurut saya itu performa tandang yang bagus. Tentu saya kecewa dengan hasilnya, tapi saya pikir ada kontrol yang lebih baik dalam hal performa,"" ujarnya di BBC. ""Trio gelandang tampil sangat bagus. Ada dua tembakan bagus dari Everton yang menghasilkan dua gol, tapi saya rasa ada hal positif dari sudut pandang United."" ""Mereka akan kesal tidak memenangi pertandingan, menimbang performa yang ditunjukkan."" Baca juga: Everton Vs MU Tuntas 2-2, Setan Merah Apes di Menit Akhir (raw/adp) manchester united everton michael carrick wayne rooney"
"Arsenal Masih Sempurna, tapi Badai Akan Semakin Kencang",https://sport.detik.com/sepakbola/liga-inggris/d-8652477/arsenal-masih-sempurna-tapi-badai-akan-semakin-kencang,"London - Arsenal terus meraih kemenangan di empat laga awal musim ini. Namun manajer Mikel Arteta menegaskan tantangan yang menunggu di depan akan semakin berat. Terbaru, The Gunners baru saja mengalahkan Chelsea 2-1 di Emirates, Minggu (6/9/2026). Meski sempat tertinggal lewat gol Morgan Rogers, dua gol dari Kai Havertz dan Martin Odegaaard sukses memastikan tiga poin untuk tuan rumah. Kemenangan ini menjadi yang keempat secara beruntun bagi Arsenal di segala ajang usai menekuk Manchester City, Coventry City, dan Aston Villa. Mereka juga menunjukkan mental juara dengan berbalik menang usai kebobolan lebih dulu. SCROLL TO CONTINUE WITH CONTENT Baca juga: Arteta: Tekel Konsa ke Morgan Rogers Itu Khas Inggris ""Itu adalah penampilan luar biasa. Saya menikmati setiap menit dari awal hingga akhir, dan awalnya memang berat. Namun, tim merespons dengan cara yang spektakuler lewat keyakinan, tekad, dan kualitasnya. Sungguh indah. Itu adalah pertandingan yang memukau,"" ujar Arteta, dikutip The Guardian. ADVERTISEMENT Meski rekor mereka di musim ini masih 100 persen, Arsenal pantang jumawa. Arteta memprediksi akan ada tantangan baru di depan, dan oleh sebab itu mesti meningkatkan performa lebih baik lagi dari sebelumnya. ""Menurut saya, ini adalah indikasi bahwa kami mampu tampil di level yang bahkan lebih tinggi dibanding musim lalu. Hal ini bergantung pada bagaimana kami menjaga dan mempertahankan hasrat serta kerendahan hati tersebut, sembari terus berupaya setiap harinya untuk menemukan versi yang lebih baik dari diri saya sendiri maupun tim,"" lanjut Arteta. Baca juga: Pertahanan yang Keropos Masih Jadi PR Chelsea ""Kami masih memiliki banyak ruang untuk berkembang dan banyak hal yang bisa kami berikan. Inilah ambisi tim. Persaingannya akan sangat berat, terutama terkait selisih yang menentukan kemenangan dalam pertandingan,"" ujarnya. ""Kami bertandang ke Villa Park beberapa hari lalu dan pertandingannya sangat berat. Begitu pula hari ini (melawan Chelsea). Kami akan pergi ke Sunderland (akhir pekan nanti) dan laga itu pun pasti akan sangat, sangat berat. Kami tahu setiap pekannya akan seperti ini, namun kami sudah bersiap untuk itu,"" tegas Arteta. Sebelum menghadapi Sunderland, Arsenal akan lebih dulu bertamu ke markas Napoli di Liga Champions pada Kamis (10/9) pukul 02.00 WIB. Baca juga: Gabriel Sepak Kepala Emi Martinez, Lolos dari Hukuman (adp/krs) arsenal mikel arteta liga inggris"
"Belum Sepekan di Everton, Maitland-Niles Jebol Gawang MU dan Ukir Sejarah",https://sport.detik.com/sepakbola/liga-inggris/d-8652168/belum-sepekan-di-everton-maitland-niles-jebol-gawang-mu-dan-ukir-sejarah,"Jakarta - Ainsley Maitland-Niles menjalani debut impian bersama Everton. Belum genap sepekan gabung, ia sudah mencetak gol dramatis untuk menyelamatkan The Toffees dari kekalahan melawan Manchester United. Everton bermain imbang 2-2 dengan MU di Hill Dickinson Stadium, Minggu (6/9/2026). Maitland-Niles menjadi pahlawan setelah mencetak gol penyama pada menit ke-90+6 lewat tembakan keras dari luar kotak penalti. Gol tersebut sekaligus menjadi momen bersejarah. Maitland-Niles tercatat sebagai pemain pertama yang mencetak gol dari luar kotak penalti pada debut Premier League bersama Everton, seperti dicatat talkSPORT . SCROLL TO CONTINUE WITH CONTENT Maitland-Niles baru masuk pada menit ke-77 saat Everton tertinggal 0-1. Bryan Mbeumo membawa MU unggul pada awal babak kedua sebelum Tyrique George menyamakan skor pada menit ke-83. Namun, MU kembali memimpin lewat sundulan Benjamin Sesko pada menit ke-88. Everton seperti akan menelan kekalahan, tetapi Maitland-Niles punya cerita lain. ADVERTISEMENT Bola jatuh di depan pemain berusia 29 tahun itu. Tanpa ragu, Maitland-Niles melepaskan tembakan dari luar kotak penalti yang meluncur ke pojok atas gawang MU. Stadion pun bergemuruh. Everton terhindar dari kekalahan. Baca juga: Everton Vs MU Tuntas 2-2, Setan Merah Apes di Menit Akhir Maitland-Niles: Hari Favorit dalam Karier Maitland-Niles mengaku debutnya bersama Everton menjadi salah satu hari terbaik dalam kariernya. Pemain yang sudah lima kali memperkuat Timnas Inggris itu juga sulit menggambarkan perasaannya setelah mencetak gol dramatis tersebut. ""Itu jelas salah satu hari favorit dalam karier saya. Saya rasa saya belum pernah menendang bola sebaik itu. Mungkin pernah saat latihan,"" kata Maitland-Niles. ""Saya rasa itu perasaan yang tidak bisa dijelaskan. Ini sangat emosional, seperti berada di sana dan mengalami kilas balik. Jadi, saya benar-benar tidak bisa mengungkapkannya dengan kata-kata,"" sambungnya. Gol ke gawang MU melanjutkan awal positif Maitland-Niles bersama Everton. Sebelumnya, dia juga sudah mencetak satu gol untuk Lyon pada musim ini. Baca juga: Carrick Akui MU Punya PR di Pertahanan Gol tersebut dibuat saat Lyon menghadapi Sparta Praha di babak ketiga kualifikasi Liga Champions pada Agustus. Tapi gol ke gawang MU menjadi yang pertama bagi Maitland-Niles di Premier League sejak Desember 2018. Saat itu, dia mencetak gol untuk Arsenal saat menghadapi Liverpool. Kini, gol terbarunya memiliki arti lebih besar. Selain menjadi gol debut bersama Everton, tembakan tersebut membuat Maitland-Niles mencatat sejarah sebagai pemain pertama yang mencetak gol dari luar kotak penalti pada debut Premier League untuk klub tersebut. Penampilannya melawan MU juga menjadi laga ke-110 Maitland-Niles di kompetisi kasta teratas Inggris. Sebelum bergabung dengan Everton, Maitland-Niles pernah memperkuat Arsenal, Southampton, dan West Bromwich Albion. Bersama Arsenal, dia meraih tiga trofi Piala FA. Dia kemudian meninggalkan Arsenal untuk bergabung dengan Lyon pada 2023. Sebelumnya, Maitland-Niles juga sempat menjalani masa peminjaman di AS Roma dan turut meraih trofi Conference League bersama klub Italia tersebut. (krs/yna) ainsley maitland-niles everton debut premier league manchester united gol dramatis sejarah sepak bola liga inggris pemain baru hill dickinson stadium olahraga."
Rogers Ingatkan Para Lawan: Chelsea Bakal Makin Sip!,https://sport.detik.com/sepakbola/liga-inggris/d-8652002/rogers-ingatkan-para-lawan-chelsea-bakal-makin-sip,"Jakarta - Chelsea boleh saja kalah dari Arsenal . Tapi The Blues merasa mampu meladeni sang juara bertahan dan percaya diri bakal makin sip. Chelsea kalah 1-2 saat tandang ke Emirates Stadium, Minggu (6/9/2026) malam WIB, dalam lanjutan Liga Inggris . The Blues sempat dapat momentum bagus usai unggul pada menit kedua melalui Morgan Rogers. Akan tetapi pasukan Xabi Alonso gagal memanfaatkannya jadi keuntungan. Mereka tak mampu menahan tekanan sang juara bertahan hingga kebobolan oleh Kai Havertz dan Martin Odegaard. SCROLL TO CONTINUE WITH CONTENT Baca juga: Chelsea Kena Comeback Arsenal, Alonso: Menyakitkan Chelsea tak semata-mata lihat skor dari laga ini. Bahwa mereka bisa meladeni permainan Arsenal, meski akhirnya jebol, adalah sebuah tanda yang menggembirakan. ADVERTISEMENT Sebab mereka tim yang sedang dalam masa transisi. Sang manajer baru mulai bekerja musim panas ini dan komposisi tim baru dibenahi lagi lewat banyak transfer masuk dan keluar. ""Ini kan baru pertandingan keempat di bawah arahannya. Kami tahu masih banyak yang harus dipoles. Bahkan setelah tiga kemenangan, kami tahu masih ada yang perlu diperbaiki, jadi ini tak mengubah apapun,"" ungkap Rogers di situs klub. Baca juga: Gabriel Sepak Kepala Emi Martinez, Lolos dari Hukuman ""Kami bekerja keras di tempat latihan, mencoba untuk memahami satu sama lain dan bagaimana kami ingin bermain. Kami akan membaik. Kami tahu itu."" ""Kami akan ada di titik ini lagi, menjalani percakapan yang sama soal perkembangan karena kami selalu ingin berkembang dan selalu ingin lebih baik."" Chelsea sementara masih di peringkat empat klasemen Liga Inggris dengan enam poin. Sebelumnya, mereka meraih kemenangan atas Fulham dan Brighton & Hove Albion. Baca juga: Pertahanan yang Keropos Masih Jadi PR Chelsea (raw/adp) chelsea arsenal morgan rogers liga inggris"
"'Sulap' Ala Gabriel, Tendang Kepala Martinez dan Lolos Sanksi",https://sport.detik.com/sepakbola/liga-inggris/d-8652231/sulap-ala-gabriel-tendang-kepala-martinez-dan-lolos-sanksi,"London - Gabriel Magalhaes menendang kepala Emiliano Martinez dan lolos sanksi dalam laga Arsenal vs Chelsea . Banyak yang keheranan dengan aksi bek Meriam London itu. Dalam laga di Emirates Stadium, London, Minggu (6/9/2026), momen itu terlihat pada menit ke-6. Dalam perebutan bola sepak pojok, Gabriel menendang kepala Martinez. Dalam tayangan lambat, Martinez sedianya sudah lebih dulu mengamankan bola di bawah. Gabriel, yang juga sambil rebahan, kemudian melayangkan tendangan mengenai kepala Martinez. SCROLL TO CONTINUE WITH CONTENT Martinez langsung kesakitan akibat tendangan itu. Kiper Chelsea itu harus mendapat perawatan sejenak, sementara Gabriel tak dihukum wasit Chris Kavanagh. Aksi Gabriel Magalhaes itu kemudian disorot Wayne Rooney dan Ashley Young. Dalam program di BBC, keduanya heran bek Arsenal bisa lolos kartu. ADVERTISEMENT Baca juga: Gabriel Sepak Kepala Emi Martinez, Lolos dari Hukuman ""Sekilas, Anda mungkin tidak terlalu menyadarinya, sampai melihat tayangan ulang dalam gerakan lambat,"" kata Rooney dalam Match of the Day. ""Martinez sedang memegang bola, lalu Gabriel menendang kepalanya. Dia mengayunkan kakinya dan melampaui batas. Dia sangat beruntung masih bisa tetap berada di lapangan,"" kata Rooney. Senada, Young juga heran aksi Gabriel bisa lolos dari VAR. Ia mempertanyakannya sebab tendangan bek asal Brasil itu juga terlalu tinggi, tidak mengarah ke gawang yang berada di pelukan Martinez. Baca juga: Chelsea Tak Kecewa-kecewa Banget ""Saya setuju. Saat bola berada di tanah dan Martinez menguasainya, Gabriel menendang terlalu tinggi,"" kata Young. ""Saya tidak yakin mengapa insiden ini tidak diperiksa VAR atau apakah mereka telah meninjaunya dengan saksama karena dia sama sekali tidak berada di dekat bola. Dia lolos begitu saja dari hukuman,"" katanya. Di laga itu, Arsenal keluar jadi pemenang dengan skor 2-1 atas Chelsea . Sempat tertinggal lewat gol cepat Morgan Rogers, The Gunners bangkit dan membalas lewat Kai Havertz serta Martin Odegaard. Baca juga: Selembar Kertas Catatan Xabi Alonso ke Reece James, Apa Isinya? (yna/krs) gabriel magalhaes emiliano martinez arsenal vs chelsea liga inggris 2026/2027 premier league 2026/2027 premier league liga inggris"
Betapa Cairnya Lini Depan Arsenal,https://sport.detik.com/sepakbola/liga-inggris/d-8652136/betapa-cairnya-lini-depan-arsenal,"London - Arsenal masih konsisten meraih kemenangan di Premier League musim ini. Lini depan The Gunners yang saling terkoneksi dengan baik menjadi senjata andalan untuk 'menghabisi' lawan. Arsenal baru saja menekuk Chelsea 2-1 di Emirates pada Minggu (6/9/2026) lalu. Itu menjadi kemenangan ketiga beruntun di liga usai mengalahkan Coventry City 3-0 dan Aston Villa 1-0. Saat mengalahkan Chelsea, proses gol kedua Arsenal yang dicetak oleh Martin Odegaard mendapat pujian. Kai Havertz saat itu membiarkan crossing Christos Tzolis yang mengarah padanya, namun di belakang penyerang Jerman itu sudah ada Odegaard yang lebih siap menerima bola. SCROLL TO CONTINUE WITH CONTENT Baca juga: Kai Havertz: London Masih Merah! Keputusan Havertz itu berbuah manis karena Odegaard berhasil mencetak gol. Usai laga, manajer Arsenal Mikel Arteta menyoroti chemistry yang baik di antara para penyerang Arsenal. ADVERTISEMENT ""Ketika Anda mulai merasakan chemistry di antara mereka dan melihat apa yang bisa mereka hasilkan, itu sungguh hebat,"" ujar Arteta, dikutip Sky Sports. Pada tiga pertama di Premier League musim ini, Arteta konsisten menurunkan kuartet Bukayo Saka, Odegaard, Christos Tzolis, dan Havertz di pos lini serang. Sejauh ini, hasilnya baik. Baca juga: Biar Mental Juara Arsenal yang Bicara Dari enam gol yang sudah dicetak Arsenal, Odegaard, Saka, dan Havertz masing-masing telah mencetak dua gol. Sedangkan Tzolis sudah menyumbang satu assist saat melawan Chelsea. Secara permainan, mereka pun tidak kaku. Saka kerap bergerak ke tengah dari sayap kanan, atau bertukar sisi dengan Tzolis. Havertz kerap bergerak ke kanan, dan Odegaaard siap maju dari belakang saat mendapat ruang. ""Itu adalah dimensi berikutnya. Dimensi lanjutan dalam hal dinamika, ancaman, intensi, dan agresivitas saat menyerang. Anda tentu telah melihatnya hari ini,"" jelas Arteta. Baca juga: Klasemen Liga Inggris: Arsenal dan City Masih Sempurna, MU Nomor 11 Arsenal selanjutnya akan memulai petualangan di Liga Champions dengan menghadapi Arsenal pada Kamis (10/9) pukul 02.00 WIB. Menarik ditunggu apakah cairnya lini serang The Gunners di kancah domestik bisa ditunjukkan pula di tanah Eropa. (adp/krs) arsenal premier league mikel arteta martin odegaard bukayo saka kai havertz christos tzolis liga inggris"
"Selembar Kertas Catatan Xabi Alonso ke Reece James, Apa Isinya?",https://sport.detik.com/sepakbola/liga-inggris/d-8652000/selembar-kertas-catatan-xabi-alonso-ke-reece-james-apa-isinya,"Jakarta - Xabi Alonso sempat memberikan selembar kertas kepada Reece James dalam laga Arsenal vs Chelsea. Sky Sports mencoba mengungkap isinya. Arsenal menjamu Chelsea di Emirates Stadium dalam lanjutan Liga Inggris, Minggu (7/9/2026) malam WIB. Si Biru kalah 1-2. Chelsea sempat memimpin 1-0 di menit kedua lewat tembakan kejut Morgan Rogers. Setelah kebobolan, Arsenal agresif menekan. SCROLL TO CONTINUE WITH CONTENT Kai Havertz berhasil membuat Arsenal menyamakan skor 1-1 di menit ke-25. Martin Odegaard kemudian mencetak gol di menit ke-50 yang membuat Chelsea tertinggal 1-2. Baca juga: Pertahanan yang Keropos Masih Jadi PR Chelsea ADVERTISEMENT Berbagai upaya dilakukan Xabi Alonso demi bisa mencari gol penyeimbang. Dia bahkan sempat memberikan selembar kertas kepada kapten Reece James melalui Danny Welbeck di menit ke-88. Bersama Cole Palmer, James tampak mencoba memahami isi catatan dari Xabi Alonso tersebut. KameraSkySports sedikit mengungkapkan isi catatan di kertas tersebut. Sky Sports meyakini bahwa itu adalah gambar formasi di lapangan dengan tiga pemain di lini depan. Namun, sejatinya potongan gambar masih belum bisa dipastikan. ""Pertandingan ini memiliki momentum dan tahapan yang berbeda. Kami memulai pertandingan dengan baik, mencetak gol pertama. 15 menit berikutnya, mereka menekan kami dengan keras,"" kata Xabi Alonso terkait pertandingan. ""Kami bertahan terlalu rendah dan kesulitan untuk menguasai bola. Setelah kebobolan, saya rasa permainan kembali seimbang antara mereka dan kami,"" sambungnya. Baca juga: Gabriel Sepak Kepala Emi Martinez, Lolos dari Hukuman Video Arsenal Vs Chelsea: The Gunners Taklukkan The Blues 2-1 Video Arsenal Vs Chelsea: The Gunners Taklukkan The Blues 2-1 (ran/krs) arsenal chelsea arsenal vs chelsea xabi alonso reece james"
Chelsea Tak Kecewa-kecewa Banget,https://sport.detik.com/sepakbola/liga-inggris/d-8651999/chelsea-tak-kecewa-kecewa-banget,"Jakarta - Chelsea sempat mengungguli Arsenal sebelum kalah 1-2. Untuk ukuran tim 'baru', Morgan Rogers merasa The Blues sudah tampil cukup baik. Chelsea unggul cepat saat tandang ke Emirates Stadium, Minggu (6/9/2026) malam WIB. Morgan Rogers membawa mereka unggul saat laga baru berjalan dua menit. Tapi Arsenal keluar dari tekanan dan mulai menjepit tamunya tersebut. Setelah gol Riccardo Calafiori dianulir, mereka menyamakan skor pada menit ke-25 melalui Kai Havertz. SCROLL TO CONTINUE WITH CONTENT Baca juga: Arsenal Vs Chelsea: Comeback, The Gunners Bekuk The Blues Gol Martin Odegaard pada menit ke-50 lantas menjadi penentu kemenangan buat The Gunners. Secara umum, Arsenal memang lebih dominan di pertandingan ini dan pantas menang. ADVERTISEMENT Tapi Chelsea di lain sisi sempat bikin sang juara bertahan kacau khususnya di awal pertandingan. Itu menjadi tanda yang menjanjikan, mengingat ini baru laga ketiga bersama Xabi Alonso di Liga Inggris. Baca juga: Biar Mental Juara Arsenal yang Bicara Sebagai catatan, Alonso baru datang musim tahun ini menggantikan Enzo Maresca. ""Kami kecewa. Kami datang ke sini dengan misi untuk menang, namun kami gagal mewujudkannya. Jadi, tentu saja para pemain merasa kecewa. Tapi musim ini masih panjang dan tempat ini adalah lokasi yang sulit untuk ditaklukkan,"" kata Rogers di situs Chelsea. ""Menurut saya, kami sudah menunjukkan performa yang bagus. Kami bermain dengan baik di sebagian besar jalannya pertandingan, menciptakan peluang, dan bertahan dengan solid saat dibutuhkan. Tentu saja, situasinya berat; mereka sedang dalam performa terbaik saat ini dan punya kepercayaan diri yang tinggi."" Baca juga: Chelsea Kena Comeback Arsenal, Alonso: Menyakitkan (raw/ran) chelsea arsenal liga inggris morgan rogers xabi alonso"
Arteta: Tekel Konsa ke Morgan Rogers Itu Khas Inggris,https://sport.detik.com/sepakbola/liga-inggris/d-8651864/arteta-tekel-konsa-ke-morgan-rogers-itu-khas-inggris,"Jakarta - Ezri Konsa tampi oke dalam laga derby London. Manajer Arsenal, Mikel Arteta , memuji tekel Konsa dalam upaya merebut bola dari Morgan Rogers. Arsenal menjamu Chelsea di Emirates Stadium dalam lanjutan Liga Inggris, Minggu (7/9/2026) malam WIB. Meriam London menang 2-1. Pertandingan ini menjadi debut Konsa sebagai starter bersama Arsenal dan juga tampil di kandang. Mantan bek Aston Villa tersebut tampil sangat oke bersama Gabriel Magalhaes. SCROLL TO CONTINUE WITH CONTENT Aksi luar biasa Konsa pada babak kedua menjadi sorotan saat dirinya menghilangkan penguasaan bola dari kaki Rogers. Konsa dengan penuh percaya diri melakukan tekel sambil meluncurkan badannya dan membuat Rogers gagal mendekati kotak penalti. Baca juga: Chelsea Kena Comeback Arsenal, Alonso: Menyakitkan ADVERTISEMENT Ezri Konsa, timed to perfection ð¤ ð´ @Arsenal pic.twitter.com/9Suh15Oioz â Premier League (@premierleague) September 6, 2026 ""Sebuah tekel yang sangat khas Inggris, penonton langsung bereaksi - terkadang kalian lebih menyukai itu daripada gol! Itu luar biasa, tentu saja,"" kara Arteta yang dikutip dari situs resmi Arsenal. ""Dia menjalani lima atau enam sesi latihan dan cara dia bermain man-to-man melawan lawan seperti Joao Pedro - menurut saya dia fenomenal,"" sambungnya. Chelsea sempat memimpin 1-0 di menit kedua lewat tembakan kejut Morgan Rogers. Setelah kebobolan, Arsenal agresif menekan. Kai Havertz berhasil membuat Arsenal menyamakan skor 1-1 di menit ke-25. Gol kemenangan 2-1 Arsenal datang pada menit ke-50 melalui Martin Odegaard. Baca juga: Arsenal Vs Chelsea: Comeback, The Gunners Bekuk The Blues (ran/raw) arsenal liga inggris chelsea ezri konsa"
Kai Havertz: London Masih Merah!,https://sport.detik.com/sepakbola/liga-inggris/d-8651859/kai-havertz-london-masih-merah,"Jakarta - Kai Havertz menegaskan bahwa London masih merah. Hal itu dia sampaikan di media sosial usai Arsenal mengalahkan Cheslea. Arsenal menjamu Chelsea di Emirates Stadium dalam lanjutan Liga Inggris, Minggu (7/9/2026) malam WIB. Meriam London menang 2-1. Chelsea sempat memimpin 1-0 di menit kedua lewat tembakan kejut Morgan Rogers. Setelah kebobolan, Arsenal agresif menekan. SCROLL TO CONTINUE WITH CONTENT Kai Havertz akhirnya berhasil membuat Arsenal menyamakan skor 1-1 di menit ke-25. Gol kemenangan 2-1 Arsenal datang pada menit ke-50 melalui Martin Odegaard dengan menyambut umpan mendatar Christos Tzolis, yang didahului oleh dummy Havertz. Di media sosial, Havertz menegaskan bahwa London masih merah. Dia padahal mantan pemain Chelsea sebelumnya bergabung dengan Arsenal. ADVERTISEMENT Baca juga: Chelsea Kena Comeback Arsenal, Alonso: Menyakitkan [Gambas:Instagram] ""Pertandingan yang luar biasa. Kami menunjukkan kepada mereka bahwa kami bermain lebih baik dan pantas mendapatkannya,"" kata Kai Havertz dalam saluran resmi Premier League. ""Dan, ya, tentu saja saja selalu menyenangkan untuk menang di kandang melawan rival di London,"" pemain asal Jerman itu menambahkan. Arsenal melanjutkan keperkasaannya melawan Chelsea. Pasukan Mikel Arteta kini sudah 12 pertandingan beruntun di semua ajang melawan Chelsea meraih hasil sembilan menang dan tiga imbang. Baca juga: Biar Mental Juara Arsenal yang Bicara (ran/krs) kai havertz arsenal arsenal vs chelsea"
Carrick Akui MU Punya PR di Pertahanan,https://sport.detik.com/sepakbola/liga-inggris/d-8651858/carrick-akui-mu-punya-pr-di-pertahanan,"Jakarta - Michael Carrick percaya Manchester United seharusnya bisa menang kalau bukan karena gol-gol tendangan spekulatif Everton. Tapi juga mengakui ada PR pertahanan. MU dua kali memimpin saat tandang ke Hill Dickinson Stadium, Minggu (6/9/2026) malam WIB. Setan Merah membuka keunggulan lewat Bryan Mbeumo dan dibalas sepakan Tyrique George. Sundulan Benjamin Sesko mengembalikan MU ke posisi memimpin pada menit ke-88. Akan tetapi sepakan jarak jauh Ainsley Maitland-Niles pada menit ke-96 mengagalkan kemenangan mereka. SCROLL TO CONTINUE WITH CONTENT Baca juga: Everton Vs MU Tuntas 2-2, Setan Merah Apes di Menit Akhir Secara permainan, MU sebenarnya mendominasi dan relatif bisa mengontrol lawannya. Tapi pada akhirnya dua gol tetap bersarang ke gawang Senne Lammens. ADVERTISEMENT Terlepas tendangan-tendangan yang menjadi gol itu seluruhnya tendangan yang sulit, tapi Carrick tak akan menampik timnya belum clean sheet. Mereka sudah kebobolan enam kali sementara mencetak tujuh gol. Baca juga: Everton Vs Man Utd: Imbang Rasa Kalah buat Setan Merah MU bobol dua kali oleh Hull City pada pekan pertama, disusul dua gol lain oleh Ipswich, dan dua gol lagi semalam. Niscaya bukan sebuah pertanda bagus di awal musim. ""Mentalitasnya sudah ada. Itu dua tembakan yang sangat bagus dari jarak jauh, dari sudut pandang mereka. Terkadang tendangan semacam itu meluncur ke pojok atas, tapi sih lebih sering tidak begitu,"" kata Carrick dikutip BBC . ""Tapi pastinya kami tak bisa mengabaikan catatan ini. Kami perlu mengurangi gol yang masuk untuk memberi kami kesempatan lebih baik buat menang. Ada hal-hal yang perlu kami perbaiki sebagai tim."" Baca juga: Klasemen Liga Inggris: Arsenal dan City Masih Sempurna, MU Nomor 11 (raw/krs) michael carrick manchester united everton vs mu"
Pertahanan yang Keropos Masih Jadi PR Chelsea,https://sport.detik.com/sepakbola/liga-inggris/d-8651641/pertahanan-yang-keropos-masih-jadi-pr-chelsea,"Jakarta - Xabi Alonso menyoroti lini belakang Chelsea usai kekalahan dari Arsenal . Alonso sadar betul pertahanan Chelsea yang rapuh harus segera diperbaiki. Chelsea tandang ke markas Arsenal di Emirates Stadium dalam lanjutan Premier League , Minggu (6/9/2026) malam WIB. Sempat unggul lebih dulu, The Blues akhirnya kalah 1-2 dari sang juara bertahan. Kekalahan ini menyoroti rapuhnya barisan pertahanan Chelsea. Gawang Chelsea sudah kebobolan tujuh gol hanya dalam tiga pertandingan Premier League. SCROLL TO CONTINUE WITH CONTENT Meski menang di dua laga pertama, Chelsea kebobolan dua gol saat melawan Fulham dan tiga gol kala menghadapi Brighton. Ini menjadi pekerjaan rumah yang harus segera dibereskan oleh Alonso. Baca juga: Arsenal Vs Chelsea: Comeback, The Gunners Bekuk The Blues ADVERTISEMENT ""Prioritas saya adalah menang dan untuk itu biasanya lebih mudah kalau tidak kebobolan,"" ujar Alonso seperti dilansir ESPN. ""Jadi tentu saja, itu sesuatu yang harus kami bereskan. Kami harus lebih rapat, lebih efisien, lebih seimbang. Tapi ini juga butuh waktu."" ""Kami tidak senang. Ini menyakitkan, tentu saja kami kecewa, tapi ini kekalahan pertama, jalan kami masih panjang dan tidak berdampak besar ke mood kami,"" lanjut Alonso. ""Memang harus terasa sakit, tapi sakit dalam hal positif. Ini baru pertandingan ketiga, jadi masih ada banyak pertandingan. Saya ingin bersaing dan menang,"" katanya. Baca juga: Chelsea Gagal Dapat Pengganti Enzo, Ini Kata Xabi Alonso (nds/bay) xabi alonso chelsea arsenal vs chelsea premier league"
Arsenal Masih Penguasa London,https://sport.detik.com/sepakbola/liga-inggris/d-8651576/arsenal-masih-penguasa-london,"London - Arsenal memenangi duel kontra Chelsea setelah tertinggal duluan. The Gunners memang masih yang terbaik di kota London. Pada laga pekan ketiga Liga Inggris 2026/2027 di Emirates Stadium, Minggu (6/9/2026) malam WIB, Chelsea memimpin duluan lewat Morgan Rogers di menit kedua. Riccardo Calafiori sempat menyamakan skor di menit ketujuh tapi dianulir karena terjebak offside. Kai Havertz akhirnya bikin skor sama kuat 1-1 di menit ke-25. SCROLL TO CONTINUE WITH CONTENT Arsenal berbalik memimpin 2-1 di menit ke-50 ketika Martin Odegaard membobol gawang Emiliano Martinez. Skor itu bertahan sampai laga usai. Baca juga: Biar Mental Juara Arsenal yang Bicara ADVERTISEMENT Arsenal mempertahankan start sempurnanya musim ini untuk menempel Manchester City di puncak klasemen Liga Inggris . Selain itu, mereka juga melanjutkan catatan apik di Derby London. Menurut Squawka, Arsenal cuma kalah sekali dari 30 Derby London terakhir. Ini merupakan kemenangan ke-23 mereka sementara sisanya adalah enam hasil imbang. Kekalahan terakhir didapat dari Fulham pada Desember 2023 di Craven Cottage. Bahkan ketika bertemu Chelsea, Arsenal tidak terkalahkan di 10 pertemuan terakhirnya. ""Selalu menyenangkan bisa mengalahkan sesama tim London di kandang. Laga yang sulit, tapi kami pantas menang jika melihat performa selama 90 menit,"" ujar Havertz kepada BBC Match of The Day . Baca juga: Odegaard Langsung Ngegas Video Arsenal Vs Chelsea: The Gunners Taklukkan The Blues 2-1 Video Arsenal Vs Chelsea: The Gunners Taklukkan The Blues 2-1 (mrp/nds) arsenal chelsea kai havertz arsenal vs chelsea liga inggris 2026/2027 liga inggris"
"Chelsea Kena Comeback Arsenal, Alonso: Menyakitkan",https://sport.detik.com/sepakbola/liga-inggris/d-8651637/chelsea-kena-comeback-arsenal-alonso-menyakitkan,"Jakarta - Xabi Alonso kecewa dengan kekalahan Chelsea di kandang Arsenal . Kekalahan pertama Chelsea ini terasa menyakitkan untuk Alonso. Duel Arsenal vs Chelsea di pekan ketiga Premier League 2026/27 digelar di Emirates Stadium, Minggu (6/9/2026) malam WIB. The Blues yang unggul lebih dulu akhirnya kalah 1-2 dari sang juara bertahan. Morgan Rogers membawa Chelsea unggul cepat lewat golnya pada menit kedua. Arsenal yang terus menggendor lantas menyamakan skor lewat Kai Havertz sebelum Martin Odegaard membalikkan keadaan untuk tuan rumah. SCROLL TO CONTINUE WITH CONTENT Baca juga: Arsenal Vs Chelsea: Comeback, The Gunners Bekuk The Blues Kekalahan ini menghentikan start positif Alonso bersama Chelsea. Setelah menang di tiga pertandingan pertamanya, termasuk di Carabao Cup, Alonso merasakan kekalahan pertamanya. ADVERTISEMENT ""Penilaian dan rasanya adalah ini menyakitkan. Kalah itu menyakitkan. Menyakitkan dapat kekalahan pertama,"" ujar Alonso kepada BBC Match of the Day. ""Tadi pertandingan yang sangat intens, pertarungan yang luar biasa di antara dua tim yang habis-habisan. Mereka bermain dengan level konsentrasi, intensitas yang top. Kami sudah mencoba, kami mencetak gol cepat, setelah itu Arsenal menekan kami dan kami sedikit kesulitan untuk memegang kendali permainan."" ""Setelah gol penyama, pertandingan cukup berimbang. Kami punya beberapa peluang. Ini soal detail. Begitu Anda kebobolan, Anda harus tahu itu cuma satu gol. Kecewa karena kami tidak membawa pulang apa pun dari sini,"" katanya. Baca juga: Chelsea Gagal Dapat Pengganti Enzo, Ini Kata Xabi Alonso (nds/mrp) chelsea xabi alonso premier league arsenal arsenal vs chelsea"
"Klasemen Liga Inggris: Arsenal dan City Masih Sempurna, MU Nomor 11",https://sport.detik.com/sepakbola/liga-inggris/d-8651590/klasemen-liga-inggris-arsenal-dan-city-masih-sempurna-mu-nomor-11,"Jakarta - Arsenal melanjutkan start sempurnanya di Premier League dengan mengalahkan Chelsea untuk sekaligus menempel Manchester City . Sementara itu, Manchester United gagal menang. Arsenal meraih tiga poin kala menjamu Chelsea dalam laga derby London di Emirates Stadium, Minggu (6/9/2026) malam WIB. Sempat kebobolan lebih dulu, The Gunners berbalik menang 2-1. Dengan kemenangan ini, Arsenal mengumpulkan sembilan poin dari tiga pertandingan. Pasukan Mikel Arteta itu berada di peringkat kedua klasemen Liga Inggris . SCROLL TO CONTINUE WITH CONTENT Arsenal kalah produktivitas gol dari Manchester City yang ada di puncak. The Citizens juga mengumpulkan sembilan poin berkat kemenangan 1-0 atas Coventry City di laga terakhir. Baca juga: Biar Mental Juara Arsenal yang Bicara ADVERTISEMENT Sementara itu, Manchester United gagal mengamankan kemenangan saat tandang ke markas Everton di Hill Dickinson Stadium, Minggu (6/9/2026) malam WIB. Sempat unggul dua kali, Setan Merah akhirnya harus puas dengan hasil akhir 2-2. Kemenangan MU yang sudah di depan mata buyar di masa injury time. Ainsley Maitland-Niles membobol gawang MU lewat tendangan keras dari luar kotak penalti. Hasil ini membuat MU tertahan di peringkat ke-11 klasemen Liga Inggris dengan empat poin dari tiga pertandingan. Bruno Fernandes dkk. mencatat satu kemenangan, satu hasil seri, dan satu kali kalah. Baca juga: Everton Vs Man Utd: Imbang Rasa Kalah buat Setan Merah Klasemen Liga Inggris Pos Team P W D L +/- PTS 1 Manchester City 3 3 0 0 5 9 2 Arsenal 3 3 0 0 5 9 3 Hull City 3 2 1 0 3 7 4 Chelsea 3 2 0 1 1 6 5 Brentford 3 1 2 0 3 5 6 Liverpool 3 1 2 0 2 5 7 Newcastle United 3 1 2 0 2 5 8 Everton 3 1 2 0 2 5 9 Leeds United 3 1 2 0 1 5 10 Brighton & Hove Albion 3 1 1 1 3 4 11 Manchester United 3 1 1 1 1 4 12 Sunderland 3 1 1 1 0 4 13 Crystal Palace 3 1 0 2 -4 3 14 Ipswich Town 3 1 0 2 -4 3 15 Bournemouth 3 0 2 1 -1 2 16 Nottingham Forest 3 0 2 1 -1 2 17 Aston Villa 3 0 1 2 -5 1 18 Tottenham Hotspur 3 0 1 2 -5 1 19 Fulham 3 0 0 3 -3 0 20 Coventry City 3 0 0 3 -5 0 Baca juga: Arsenal Vs Chelsea: Comeback, The Gunners Bekuk The Blues Video: Liverpool-Arsenal Kompak Imbang, Chelsea Menang Video: Liverpool-Arsenal Kompak Imbang, Chelsea Menang (nds/mrp) klasemen liga inggris arsenal manchester city manchester united premier league liga inggris"
"Gabriel Sepak Kepala Emi Martinez, Lolos dari Hukuman",https://sport.detik.com/sepakbola/liga-inggris/d-8651540/gabriel-sepak-kepala-emi-martinez-lolos-dari-hukuman,"London - Gabriel Magalhaes kedapatan menyepak kepala Emiliano Martinez dalam duel perebutan bola. Bek Arsenal itu tak mendapat hukuman dari wasit. Matchday ketiga Premier League menghadirkan bigmatch Arsenal vs Chelsea . Pertandingan digelar di Emirates Stadium, Minggu (6/9/2026) malam WIB. Chelsea unggul lebih dulu lewat gol Morgan Rogers. Arsenal membalas melalui Kai Havertz dan Martin Odegaard, sekaligus memastikan kemenangan 2-1 atas London Biru. SCROLL TO CONTINUE WITH CONTENT Baca juga: Arsenal Vs Chelsea: Comeback, The Gunners Bekuk The Blues Insiden terjadi tak lama setelah Chelsea mencetak gol. Arsenal mengerahkan banyak pemain di kotak penalti lawan untuk menyambut bola tendangan bebas Martin Odegaard. ADVERTISEMENT Kiper Chelsea Emi Martinez melemparkan dirinya ke arah bola yang lepas, mencoba menghentikan ancaman. Dia menangkap bola sambil terjatuh di tengah kemelut depan gawang. Gabriel jadi salah satu pemain yang terlibat dalam kemelut itu. Bek asal Brasil ini mengayunkan kaki kirinya ke arah kepala Emi Martinez. Sepakan kaki Gabriel membuat Emi Martinez kesakitan memegangi kepalanya. Laga sempat dihentikan ketika kiper asal Argentina itu mendapat perawatan. Baca juga: Odegaard Langsung Ngegas How this was not a foul? Gabriel kicking Martinez on head, should have been straight RED. #ARSCHE pic.twitter.com/5icTyXMmh9 â The Final Whistle (@Rufus_45) September 6, 2026 Video Assistant Referee (VAR) meninjau insiden yang melibatkan Gabriel dan Emi Martinez. VAR menilai kontak yang terjadi tidak disengaja, sehingga keputusan yang diambil adalah tidak ada pelanggaran untuk Gabriel. Keputusan VAR mengacu pada Aturan 12 Law of the Game soal pelanggaran dan perilaku tak pantas. Tindak kekerasan hanya berlaku ketika seorang pemain menggunakan kekuatan berlebihan terhadap lawan saat tidak berebut bola. Gabrel dianggap berusaha berebut bola dengan Emi Martinez di tengah kemelut. Alhasil, kontak yang dilakukannya dinilai tak melanggar aturan yang berlaku. Baca juga: Rekor Jual Pemain 20 Klub Premier League usai Arsenal Lepas Martinelli Video: Chelsea Sepakati Transfer Emiliano Martinez 7,5 Juta Pounds Video: Chelsea Sepakati Transfer Emiliano Martinez 7,5 Juta Pounds (bay/mrp) arsenal chelsea arsenal vs chelsea gabriel magalhaes emiliano martinez premier league liga inggris"
Biar Mental Juara Arsenal yang Bicara,https://sport.detik.com/sepakbola/liga-inggris/d-8651504/biar-mental-juara-arsenal-yang-bicara,"London - Arsenal mampu mengalahkan Chelsea setelah tertinggal duluan. Ini jadi bukti ketangguhan mental juara The Gunners. Arsenal menjamu Chelsea di Emirates Stadium, Minggu (6/9/2026Z) malam WIB, ketika Morgan Rogers membawa tim tamu memimpin di menit kedua! Kondisi tim yang belum siap bikin Arsenal terkejut oleh gol cepat tim tamu tersebut. Tapi, Arsenal setelah itu bisa menguasai laga dengan baik dan menyamakan skor 1-1 di menit ke-25 lewat Kai Havertz. SCROLL TO CONTINUE WITH CONTENT Arsenal kemudian berbalik unggul di menit ke-50 lewat gol Martin Odegaard dan skor 2-1 bertahan sampai akhir laga. Hasil yang bikin Arsenal tetap sempurna di tiga laga dan menempel pemuncak klasemen Liga Inggris Manchester City. Arsenal bisa saja menang dengan selisih dua gol andaikan gol Riccardo Calafiori di awal laga tak dianulir karena offside. Untuk kedua kalinya dalam 22 musim terakhir, Arsenal bisa menyapu bersih tiga laga awal, setelah di musim 2022/2023. ADVERTISEMENT Baca juga: Arsenal Vs Chelsea: Comeback, The Gunners Bekuk The Blues Bagi Odegaard, comeback Arsenal ini bukan sekadar kemenangan biasa. Sebab, Arsenal bisa menunjukkan kepada rival-rivalnya bahwa mereka jadi tim paling siap untuk mempertahankan titel. Mental juara yang dimiliki para pemain jadi kunci penting mengejar trofi Premier League. ""Ini laga besar, laga yang penting, lawan tangguh, dan kami tampil brilian untuk bisa mengakhiri laga dengan kemenangan,"" ujar Odegaard seperti dilansir Sky Sports. ""Mentalitas kami adalah terus berjuang. Kami sudah tunjukkan itu berkali-kali. Kami tidak mau kebobolan cepat, tapi reaksinya luar biasa. Kami mendapatkan hasilnya di akhir dan respons pemain luar biasa. Kami tunjukkan kualitas kami dengan atau tanpa bola. Hasilnya terbukti kan?"" Baca juga: Link Live Streaming Arsenal Vs Chelsea Video: Ternyata Arteta Tahu Arsenal Juara Liga Inggris dari Sang Anak Video: Ternyata Arteta Tahu Arsenal Juara Liga Inggris dari Sang Anak (mrp/nds) martin odegaard arsenal arsenal vs chelsea liga inggris 2026/2027 liga inggris"
Everton Vs Man Utd: Imbang Rasa Kalah buat Setan Merah,https://sport.detik.com/sepakbola/liga-inggris/d-8651503/everton-vs-man-utd-imbang-rasa-kalah-buat-setan-merah,"Jakarta - Manchester United harus puas dengan hasil seri melawan Everton meski sempat dua kali unggul. Michael Carrick kecewa berat kemenangan MU yang sudah di depan mata buyar di injury time. Laga Everton vs Man Utd di pekan ketiga Premier League 2026/27 digelar di Hill Dickinson Stadium, Minggu (6/9/2026) malam WIB. Kedua tim berbagi poin usai bermain imbang 2-2. MU unggul lebih dulu lewat gol Bryan Mbeumo sebelum dibalas oleh Tyrique George. Benjamin Sesko lantas mengembalikan keunggulan MU lewat golnya pada menit ke-88. SCROLL TO CONTINUE WITH CONTENT Namun, kemenangan MU yang sudah di depan mata buyar pada menit ke-90+6. Ainsley Maitland-Niles membobol gawang MU dengan tendangan keras dari luar kotak penalti. Baca juga: Everton Vs MU Tuntas 2-2, Setan Merah Apes di Menit Akhir ADVERTISEMENT Carrick pun kecewa MU gagal menang meski sudah dua kali unggul. Hasil seri melawan Everton ini terasa seperti kekalahan. ""Kami kecewa banget. Dua kali ada di posisi unggul sampai mendekati akhir dan mengingat segala upaya yang dilakukan untuk mencapai posisi tersebut, mengakhiri laga dengan cara seperti itu rasanya mengecewakan,"" ujar Carrick seperti dilansir ESPN. ""Rasanya seperti kalah, hal yang wajar untuk dikatakan di tahap ini. Kami mendapat satu poin, kami tidak bisa mengabaikan itu tapi rasanya seperti kami seharusnya dapat lebih."" Baca juga: MU Tidak Belanja Besar, Carrick Kalem Dengan hasil ini, MU kini menempati peringkat ke-11 klasemen Liga Inggris dengan empat poin dari tiga pertandingan. Bruno Fernandes dkk. mencatat satu kemenangan, satu hasil imbang, dan satu kali kalah. ""Sejujurnya start kami tidak seburuk itu. Tidak seburuk itu. Kami nyaris pulang dengan tiga poin hari ini. Itulah sepakbola. Ada momen-momen kecil yang bisa saja kami tangani dengan lebih baik tapi kami akan baik-baik saja,"" kata Carrick. Baca juga: Curhat Hojlund: Didepak MU Tak Diinginkan Milan Video Carrick Ogah Panik Usai MU Disikat Hull: Ini Cuma Satu Pertandingan Video Carrick Ogah Panik Usai MU Disikat Hull: Ini Cuma Satu Pertandingan (nds/bay) everton vs man utd manchester united michael carrick premier league liga inggris"
Odegaard Langsung Ngegas,https://sport.detik.com/sepakbola/liga-inggris/d-8651480/odegaard-langsung-ngegas,"London - Martin Odegaard langsung panas di awal musim Liga Inggris 2026/2027 . Chelsea jadi korban terbaru kapten Arsenal itu. Odegaard memimpin Arsenal saat menjamu Chelsea di Emirates Stadium, Minggu (6/9/2026) malam WIB. Gawang mereka kebobolan duluan di menit kedua karena ulah Morgan Rogers. Kai Havertz lantas menyamakan skor pada menit ke-25 sebelum Arsenal berbalik unggul di menit ke-50 berkat gol Odegaard. Odegaard yang mendapat umpan Christos Tzolis dengan mudah menjebol gawang Chelsea dari dekat. SCROLL TO CONTINUE WITH CONTENT Arsenal menang 2-1 untuk mempertahankan start sempurnanya musim ini, tiga kemenangan dari tiga laga. Bagi Odegaard, ini adalah gol keduanya dari tiga laga musim ini. Baca juga: Arsenal Vs Chelsea: Comeback, The Gunners Bekuk The Blues ADVERTISEMENT Odegaard mencetak gol pertamanya ke gawang Coventry City di pekan pertama. Dua gol Odegaard ini sudah melewati total satu gol yang dibuatnya musim lalu! Selama 77 menit di lapangan, Odegaard menyentuh bola 65 kali, 48 umpan sukses dari 58 percobaan, 16 kali umpan ke depan, enam kali umpan memasuki sepertiga akhir lapangan lawan, empat kali membuat peluang, tiga kali memenangi duel, dan membuat dua peluang emas. Performa yang bikin manajer Arsenal Mikel Arteta senang bukan main. Arteta yakin Odegaard sudah kembali ke performa terbaiknya setelah musim lalu diganggu cedera. ""Dia itu pemain luar biasa, kita lihat itu musim lalu. Saya rasa dia sudah kembali ke performa terbaiknya musim ini. Saya rasa dia akan sangat membantu kami musim ini,"" ujar Arteta seperti dikutip Sky Sports . Baca juga: Rekor Jual Pemain 20 Klub Premier League usai Arsenal Lepas Martinelli Video: Ternyata Arteta Tahu Arsenal Juara Liga Inggris dari Sang Anak Video: Ternyata Arteta Tahu Arsenal Juara Liga Inggris dari Sang Anak (mrp/bay) martin odegaard mikel arteta arsenal arsenal vs chelsea liga inggris 2026/2027 liga inggris"
Resmi! Jamie Vardy Gabung Burnley,https://sport.detik.com/sepakbola/liga-inggris/d-8651479/resmi-jamie-vardy-gabung-burnley,"Burnley - Jamie Vardy kembali ke Inggris setelah musim lalu berkarier di Italia. Striker veteran ini bergabung ke klub Championship Burnley . Kabar bergabungnya Vardy diumumkan Burnley, Minggu (6/9/2026) malam WIB. Pemain berusia 39 tahun itu diikat kontrak di Turf Moor hingga akhir musim ini. Transfer ini sekaligus membawa Vardy kembali ke tanah Inggris. Eks penyerang Leicester City itu musim lalu bermain untuk klub Serie A Cremonese. SCROLL TO CONTINUE WITH CONTENT Baca juga: Jamie Vardy Mau Cabut Usai Cremonese Degradasi Jamie Vardy antusias dengan transfernya ke Burnley. Dia berharap bisa segera tampil membela The Clarets. ADVERTISEMENT ""Saya sangat senang sekarang berada di Burnley FC. Klub ini memiliki sejarah sepak bola yang hebat dan penggemar yang bersemangat yang pantas mendapatkan tim yang mewakili mereka dan kota mereka,"" kata Vardy, dilansir dari laman Burnley. ""Saya tidak sabar untuk segera bermain di lapangan dan membantu tim bergerak ke arah yang benar,"" ujarnya. Baca juga: Mirisnya Jamie Vardy, Dua Musim Beruntun Degradasi We are delighted to announce the signing of experienced forward Jamie Vardy on a contract until the end of the current season. Welcome to Burnley, Jamie ð¤ â Burnley FC (@BurnleyOfficial) September 6, 2026 Burnley terdegradasi ke Championship setelah finis di urutan ke-19 klasemen Liga Inggris 2025/2026. Burnley saat ini masih berada di urutan ke-24 klasemen Championship dan belum meraih kemenangan dalam 5 pertandingan. Kehadiran Jamie Vardy diharapkan mampu mendongkrak performa Burnley. Terlebih, eks penyerang Timnas Inggris itu punya catatan mentereng 145 gol di Premier League semasa membela Leicester City. Baca juga: Leicester City: Dari Kisah Dongeng ke Kisah Horor Video Arsenal vs Burnley: Meriam London Menang Tipis 1-0 Video Arsenal vs Burnley: Meriam London Menang Tipis 1-0 (bay/mrp) jamie vardy burnley championship"
"Arsenal Vs Chelsea: Comeback, The Gunners Bekuk The Blues",https://sport.detik.com/sepakbola/liga-inggris/d-8651470/arsenal-vs-chelsea-comeback-the-gunners-bekuk-the-blues,"London - Arsenal melakoni comeback saat menghadapi Chelsea . Tertinggal duluan di awal laga, The Gunners menang 2-1. Pada pertandingan pekan ketiga di Emirates Stadium, Minggu (6/9/2026) malam WIB, Chelsea unggul cepat di menit kedua lewat Morgan Rogers. Arsenal membalas di menit ke-25 lewat Kai Havertz, sebelum Martin Odegaard memastikan tiga poin di awal babak kedua. SCROLL TO CONTINUE WITH CONTENT Dengan poin sempurna alias sembilan, Arsenal di posisi kedua klasemen Liga Inggris , kalah produktivitas gol dari Manchester City di puncak. Chelsea dengan kekalahan pertama ke posisi keempat dengan enam poin. Baca juga: Link Live Streaming Arsenal Vs Chelsea ADVERTISEMENT Jalannya laga Arsenal vs Chelsea Chelsea mengambil inisiatif serangan usai kickoff dan langsung unggul di menit kedua lewat Morgan Rogers. Diawali bola free kick Chelsea yang gagal disapu oleh Arsenal dan jatuh di kaki Jorell Hato. Hato langsung mengirim bola lagi ke kotak penalti dan disambut sepakan voli Rogers ke pojok kiri gawang. Morgan Rogers membobol gawang Arsenal di menit kedua. (Foto: Getty Images/Ryan Pierse) Gol itu menyengat Arsenal yang langsung menyerang balik Chelsea. Mereka sempat menyamakan skor pada menit ke-12 lewat Riccardo Calafiori dalam kemelut di depan gawang Chelsea. VAR membatalkan karena Ezri Konsa dalam posisi offside saat proses gol tersebut. Satu peluang didapat Martin Odegaard pada menit ke-18 lewat sepakan keras dari luar kotak penalti yang ditepis Emiliano Martinez. Arsenal akhirnya menyamakan skor pada menit ke-25. Membangun serangan di sisi kanan, Kai Havertz mendapat sodoran bola dari Declan Rice, melewati penjagaan pemain Chelsea dan menembak bola melewati sela kaki Maxence Lacroix ke pojok kiri gawang Martinez. Kai Havertz membuat skor 1-1. (Foto: Action Images via Reuters/Paul Childs) Chelsea mengancam pada menit ke-31 ketika Rogers mendapat bola di depan kotak penalti, sebelum melepaskan tembakan melengkung yang masih melebar. Satu kans didapat Chelsea di pengujung injury time saat serangan balik mereka memecah pertahanan Arsenal. Pedro Neto melakukan cut-in dari sisi kanan dan menembak bola yang menerpa tiang. Skor 1-1 bertahan sampai turun minum. Baca juga: Babak I Arsenal Vs Chelsea Tuntas 1-1 Arsenal langsung berbalik unggul 2-1 lima menit selepas jeda. Serangan dari sisi kiri dibangun Christos Tzolis yang melihat ada celah di pertahanan Chelsea. Dia kirimkan bola terobosan ke kotak penalti, Havertz melakukan gerak tipu, dan diterima Odegaard yang langsung menyepaknya ke gawang Martinez dari jarak dekat. Martin Odegaard membalikkan skor jadi 2-1 untuk keunggulan Arsenal. (Reuters) Arsenal coba menekan pertahanan Chelsea untuk mencari gol ketiga. Dua peluang beruntun didapat, pertama pada menit ke-69 saat Martinez susah payah menepis bola sepakan Saka. Semenit kemudian giliran James yang harus membuang bola sundulan Havertz di depan gawang. Satu kans didapat Chelsea pada menit ke-89 untuk menyamakan skor ketika Estevao melakukan tusukan yang diakhiri sepakan ke tiang jauh. Raya sambil merenggangkan badan bisa menepis bola. Chelsea coba mencari gol hingga menit akhir tapi Arsenal bisa mempertahankan kemenangan dengan skor 2-1. Susunan pemain Arsenal: David Raya; Ben White, Ezri Konsa, Gabriel Magalhaes, Riccardo Calafiori; Declan Rice, Myles Lewis-Skelly; Bukayo Saka, Martin Odegaard, Christos Tzolis; Kai Havertz. Chelsea: Emiliano Martinez; Josh Acheampong, Wesley Fofana, Maxence Lacroix; Pedro Neto, Reece James, Romeo Lavia, Jorrel Hato; Cole Palmer, Morgan Rogers; Joao Pedro. Baca juga: Jadwal Bola Hari Ini: Ada Persib, MU Main, dan Arsenal Vs Chelsea Video Arsenal Vs Chelsea: The Gunners Taklukkan The Blues 2-1 Video Arsenal Vs Chelsea: The Gunners Taklukkan The Blues 2-1 (mrp/nds) arsenal chelsea arsenal vs chelsea liga inggris 2026/2027 liga inggris"
Babak I Arsenal Vs Chelsea Tuntas 1-1,https://sport.detik.com/sepakbola/liga-inggris/d-8651451/babak-i-arsenal-vs-chelsea-tuntas-1-1,"London - Selesai sudah babak pertama Arsenal vs Chelsea . Skor sementara 1-1. Pada pertandingan di Emirates Stadium, Minggu (6/9/2026) malam WIB, Chelsea mengambil inisiatif serangan dan langsung unggul di menit kedua lewat Morgan Rogers. Diawali bola free kick Chelsea yang gagal disapu oleh Arsenal dan jatuh di kaki Jorell Hato. Hato langsung mengirim bola lagi ke kotak penalti dan disambut sepakan voli Rogers ke pojok kiri gawang. SCROLL TO CONTINUE WITH CONTENT Gol itu menyengat Arsenal yang langsung menyerang balik Chelsea. Mereka sempat menyamakan skor pada menit ke-12 lewat Riccardo Calafiori dalam kemelut di depan gawang Chelsea. VAR membatalkan karena Ezri Konsa dalam posisi offside saat proses gol tersebut. ADVERTISEMENT Satu peluang didapat Martin Odegaard pada menit ke-18 lewat sepakan keras dari luar kotak penalti yang ditepis Emiliano Martinez. Baca juga: Link Live Streaming Arsenal Vs Chelsea Arsenal akhirnya menyamakan skor pada menit ke-25. Membangun serangan di sisi kanan, Kai Havertz mendapat sodoran bola dari Declan Rice, melewati penjagaan pemain Chelsea dan menembak bola melewati sela kaki Maxence Lacroix ke pojok kiri gawang Martinez. Chelsea mengancam pada menit ke-31 ketika Rogers mendapat bola di depan kotak penalti, sebelum melepaskan tembakan melengkung yang masih melebar. Satu kans didapat Chelsea di pengujung injury time saat serangan balik mereka memecah pertahanan Arsenal. Pedro Neto melakukan cut-in dari sisi kanan dan menembak bola yang menerpa tiang. Skor 1-1 bertahan sampai turun minum. Susunan pemain Arsenal: David Raya; Ben White, Ezri Konsa, Gabriel Magalhaes, Riccardo Calafiori; Declan Rice, Myles Lewis-Skelly; Bukayo Saka, Martin Odegaard, Christos Tzolis; Kai Havertz. Chelsea: Emiliano Martinez; Josh Acheampong, Wesley Fofana, Maxence Lacroix; Pedro Neto, Reece James, Romeo Lavia, Jorrel Hato; Cole Palmer, Morgan Rogers; Joao Pedro. Baca juga: Rekor Jual Pemain 20 Klub Premier League usai Arsenal Lepas Martinelli Video Arsenal Vs Chelsea: The Gunners Taklukkan The Blues 2-1 Video Arsenal Vs Chelsea: The Gunners Taklukkan The Blues 2-1 (mrp/nds) arsenal chelsea arsenal vs chelsea liga inggris 2026/2027 liga inggris"
"Everton Vs MU Tuntas 2-2, Setan Merah Apes di Menit Akhir",https://sport.detik.com/sepakbola/liga-inggris/d-8651389/everton-vs-mu-tuntas-2-2-setan-merah-apes-di-menit-akhir,"Liverpool - Everton vs Manchester United tuntas 2-2 di pekan ketiga Liga Inggris 2026/2027. Setan Merah apes di menit akhir sehingga kemenangannya buyar. Bermain di Hill Dickinson Stadium, Liverpool, Minggu (6/9/2026), MU menekan sejak awal. Peluang langsungg didpaat pada menit ke-6 lewat Bruno Fernandes, namun upayanya digagalkan tiang gawang. Everton membalas tak lama berselang lewat Tyrique George. Pemain Inggris itu sempat dijatuhkan Martinez, meminta penalti, namun tak digubris wasit. SCROLL TO CONTINUE WITH CONTENT Setelahnya, kedua tim saling jual beli serangan. Serangan MU yang dibangun Bryan Mbeumo dan Marcus Rashford cukup merepotkan barisan pertahanan Everton.Sementara tuan rumah juga mengancam lewat George beberapa kali dan Mykolenko. Namun aksi Senne Lammens bisa menjadi antitesis permainan lawan.Hingga turun minum, tak ada gol tercipta. Everton vs MU masih imbang 0-0 di babak pertama. ADVERTISEMENT Baca juga: Everton Vs MU Masih Tanpa Gol di Babak Pertama Babak kedua digelar, MU langsung bisa unggul. Mbeumo melakukan aksi individu dari sisi sayap, menusuk ke tengah, dan melepaskan shot kaki kiri berujung gol. Skor 1-0 untuk tim tamu. Everton coba sabar usai tertinggal. Beberapa percobaan dlancarkan pasukan David Moyes, namun gagal menghasilkan gol. MU juga bisa menghadirkan beberapa momentum untuk menambah gol. Di antaranya lewat Rashford dan Fernandes. Upaya Everton menyamakan skor akhirnya datang pada menit ke-83. Tyrique George mebobol gawang Senne Lammens usai melepaskan shot dari sudut sempit di kotak penalti. Bolanya ke atas dan gagal dibendung kiper MU. Skor jadi 1-1. Namun, MU bisa kembali unggul empat menit berselang. Benjamin Sesko bisa merobek gawang Everton lewat sundulan, memanfaatkan crossing Luke Shaw dari sisi kiri. Bola sundulannya tak mampu dibendung Jordan Pickford. Skor menjadi 2-1. Di sisa waktu, MU bisa menahan keunggulannya sampai masa injury time. Sampai akhirnya, Ainsley Maitdland-Niles jadi pahlawan Everton. Ia mencetak gol indah dari luar kotak penalti, mengirim bola masuk ke gawang MU. Senne Lammens cuma terdiam, dan skor jadi 2-2. Kemenangan MU akhirnya sirna di menit ke 90+6. Hasil ini bikin Manchester United baru mengemas 4 poin dari 3 laga sejauh ini dan tertahan di peringkat 11 klasemen Liga Inggris . Sementara Everton di peringkat 8 dengan 5 poin. Susunan Pemain Everton : Jordan Pickford, Merlin RÃ¶hl (Hayden Hackney 75'), James Tarkowski, Jarrad Branthwaite, Vitaliy Mykolenko, Harrison Armstrong, James Garner (Ainsley Maitland-Niles 77'), Brennan Johnson (Jack Grealish 66'), Kiernan Dewsbury-Hall, Tyrique George, Thierno Barry Manchester United : Senne Lammens, Diogo Dalot (Leny Yoro 84'), Harry Maguire, Lisandro MartÃ­nez, Luke Shaw (Nousair Mazraoui 90+1'), Youri Tielemans, Kobbie Mainoo (Andrey Santos 84'), Bryan Mbeumo, Bruno Fernandes, Marcus Rashford (Patrick Dorgu 70'), Matheus Cunha (Benjamin Sesko 70') Video: Gol Maitland-Niles Buyarkan Kemenangan MU di Menit Akhir Pertandingan Video: Gol Maitland-Niles Buyarkan Kemenangan MU di Menit Akhir Pertandingan (yna/mrp) everton vs manchester united everton vs man united everton vs man utd everton manchester united liga inggris 2026/2027 premier league 2026/2027 liga inggris hasil liga inggris everton vs mu"
Everton Vs MU Masih Tanpa Gol di Babak Pertama,https://sport.detik.com/sepakbola/liga-inggris/d-8651320/everton-vs-mu-masih-tanpa-gol-di-babak-pertama,"Liverpool - Everton vs Manchester United masih tanpa gol di babak pertama pertandingan pekan ketiga Liga Inggris 2026/2027. Skor sementara masih 0-0. Bermain di Hill Dickinson Stadium, Liverpool, Minggu (6/9/2026), MU menekan sejak awal. Peluang langsungg didpaat pada menit ke-6 lewat Bruno Fernandes, namun upayanya digagalkan tiang gawang. Everton membalas tak lama berselang lewat Tyrique George. Pemain Inggris itu sempat dijatuhkan Martinez, meminta penalti, namun tak digubris wasit. SCROLL TO CONTINUE WITH CONTENT Setelahnya, kedua tim saling jual beli serangan. Serangan MU yang dibangun Bryan Mbeumo dan Marcus Rashford cukup merepotkan barisan pertahanan Everton. Sementara tuan rumah juga mengancam lewat George beberapa kali dan Mykolenko. Namun aksi Senne Lammens bisa menjadi antitesis permainan lawan. ADVERTISEMENT Hingga turun minum, tak ada gol tercipta. Everton vs MU masih imbang 0-0 di babak pertama. Susunan Pemain Everton: Jordan Pickford, Merlin RÃ¶hl, James Tarkowski, Jarrad Branthwaite, Vitaliy Mykolenko, Harrison Armstrong, James Garner, Brennan Johnson, Kiernan Dewsbury-Hall, Tyrique George, Thierno Barry Manchester United: Senne Lammens, Diogo Dalot, Harry Maguire, Lisandro MartÃ­nez, Luke Shaw, Youri Tielemans, Kobbie Mainoo, Bryan Mbeumo, Bruno Fernandes, Marcus Rashford, Matheus Cunha Video: Gol Maitland-Niles Buyarkan Kemenangan MU di Menit Akhir Pertandingan Video: Gol Maitland-Niles Buyarkan Kemenangan MU di Menit Akhir Pertandingan (yna/ran) everton vs manchester united everton vs man united everton vs man utd everton manchester united liga inggris 2026/2027 premier league 2026/2027 liga inggris premier league"
Link Live Streaming Arsenal Vs Chelsea,https://sport.detik.com/sepakbola/liga-inggris/d-8651062/link-live-streaming-arsenal-vs-chelsea,"Jakarta - Arsenal dan Chelsea akan saling berhadapan beberapa saat lagi. Info siaran langsung derby London tersebut bisa disimak di sini! Arsenal vs Chelsea berlangsung di Emirates Stadium dalam lanjutan Liga Inggris. Pertandingan dijadwalkan kick-off pada pukul 22.30 WIB. Bermain di kandang sendiri, Arsenal tentu ingin berusaha tampil maksimal untuk mengamankan tiga poin. Chelsea, di sisi lain, datang dengan ambisi besar untuk mencuri hasil positif dari Emirates Stadium. SCROLL TO CONTINUE WITH CONTENT Baca juga: Prediksi Supercomputer Arsenal Vs Chelsea: The Gunners Unggulan Kuat Arsenal sangat perkasa atas Chelsea dalam lima pertemuan terakhir di Emirates Stadium. Meriam London selalu menang dengan total mencetak 12 gol dan kebobolan dua kali. ADVERTISEMENT Jika merujuk total 11 pertandingan terakhir di semua ajang, Arsenal juga masih perkasa di hadapan Chelsea. Pasukan Mikel Arteta meraih delapan kemenangan dan tiga hasil imbang. Namun, semua itu cuma data pertemuan di masa lalu. Bukan hal mustahil Chelsea bisa memutus catatan buruknya atau Arsenal yang memperpanjang keperkasaannya melawan Si Biru. Baca juga: Arteta: Chelsea Cerdas Datangkan Emi Martinez Jadwal Siaran Langsung Arsenal vs Chelsea: Pertandingan: Arsenal vs Chelsea Kompetisi: Premier League 2026/2027 Stadion: Emirates Stadium, London Hari/Tanggal: Minggu, 6 September 2026 Kick-off: 22.30 WIB Live Streaming: Vidio (ran/krs) arsenal chelsea premier league link live streaming arsenal vs chelsea liga inggris"
Rekor Jual Pemain 20 Klub Premier League usai Arsenal Lepas Martinelli,https://sport.detik.com/sepakbola/liga-inggris/d-8650744/rekor-jual-pemain-20-klub-premier-league-usai-arsenal-lepas-martinelli,"Jakarta - Klub-klub Premier League secara rutin sangat aktif di bursa transfer, baik dalam hal membeli maupun menjual pemain. Berikut rekor penjualan pemain masing-masing klub, termasuk Gabriel Martinelli yang paling anyar. Gabriel Martinelli dilepas Arsenal ke Al-Hilal dengan nilai Â£60 juta. Transfer tersebut mengakhiri sembilan tahun rekor penjualan The Gunners yang sebelumnya hanya berada di angka Â£35 juta. Martinelli pun menjadi penjualan termahal Arsenal. Berikut rekor penjualan pemain dari 20 klub Premier League saat ini, seperti dirangkum dari Squawka. SCROLL TO CONTINUE WITH CONTENT Arsenal - Gabriel Martinelli Fee: Â£60 juta Dijual ke: Al-Hilal Arsenal sebelumnya memegang rekor penjualan Â£35 juta selama sembilan tahun. Alex Oxlade-Chamberlain mencatatkannya saat pindah ke Liverpool pada 2017, sebelum Folarin Balogun menyamai angka tersebut ketika bergabung dengan AS Monaco. ADVERTISEMENT Martinelli kini mengangkat rekor itu jauh lebih tinggi. Setelah tujuh tahun di Arsenal, Martinelli pergi dengan catatan 278 penampilan di semua kompetisi dan 62 gol. Ia juga membantu klub meraih FA Cup dan Premier League. Baca juga: Resmi! Arsenal Lepas Martinelli ke Al-Hilal Aston Villa - Morgan Rogers Fee: Â£117 juta Dijual ke: Chelsea Morgan Rogers menjadi penjualan termahal Aston Villa setelah pindah ke Chelsea dengan nilai Â£117 juta pada musim panas 2026. Rogers menjadi pemain kedua Villa yang dijual dengan harga lebih dari Â£100 juta setelah Jack Grealish pindah ke Manchester City pada 2021. Bournemouth - Dominic Solanke Fee: Â£65 juta Dijual ke: Tottenham Hotspur Dominic Solanke menjadi penjualan termahal Bournemouth. Ia pindah ke Tottenham pada musim panas 2024 setelah mencetak 21 gol dalam satu musim bersama The Cherries. Brentford - Bryan Mbeumo Fee: Â£65 juta Dijual ke: Manchester United Brentford mencatat rekor penjualan ketika Bryan Mbeumo pindah ke Manchester United. Mbeumo meninggalkan The Bees setelah mencetak 70 gol dan 51 assist dalam 242 penampilan. Pada musim pertamanya di MU, pemain Kamerun itu membuat 12 gol dan tiga assist serta membantu Setan Merah kembali ke Liga Champions. Brighton - Moises Caicedo Fee: Â£100 juta Dijual ke: Chelsea Moises Caicedo masih menjadi penjualan termahal Brighton. Gelandang Ekuador itu pindah ke Chelsea pada 2023 dengan nilai Â£100 juta. Menariknya, tiga dari empat penjualan termahal Brighton dilakukan kepada Chelsea. Baca juga: Mahalnya Lini Tengah Man City, Nilainya Hampir Rp 11 Triliun! Enzo Fernandez. Foto: dok. Manchester City Chelsea - Enzo Fernandez Fee: Â£125 juta Dijual ke: Manchester City Enzo Fernandez menjadi penjualan terbesar Chelsea setelah pindah ke Manchester City pada musim panas 2026. Transfer senilai Â£125 juta tersebut menyamai rekor transfer Inggris. Chelsea juga mampu mendapatkan keuntungan dari pemain yang mereka beli seharga Â£100 juta pada 2023. Coventry City - Viktor Gyokeres Fee: Â£20,5 juta Dijual ke: Sporting CP Viktor Gyokeres pernah menjadi pemain Coventry City sebelum berkembang menjadi striker top di Portugal. Coventry menjualnya ke Sporting CP pada 2023 dengan harga Â£20,5 juta. Di Portugal, Gyokeres mencetak 97 gol dalam 103 pertandingan di semua kompetisi sebelum kemudian pindah ke Arsenal. Crystal Palace - Eberechi Eze Fee: Â£68 juta Dijual ke: Arsenal Eberechi Eze meninggalkan Crystal Palace setelah menutup kariernya di klub dengan gemilang. Ia mencetak gol kemenangan di final FA Cup dan mengangkat trofi Community Shield sebelum bergabung dengan Arsenal dengan nilai Â£68 juta. Everton - Romelu Lukaku Fee: Â£90 juta Dijual ke: Manchester United Romelu Lukaku menjadi penjualan terbesar Everton. Manchester United membayar Â£90 juta untuk striker Belgia tersebut pada 2017 setelah Lukaku finis kedua dalam daftar top skor Premier League di belakang Harry Kane. Fulham - Aleksandar Mitrovic Fee: Â£50 juta Dijual ke: Al-Hilal Aleksandar Mitrovic menjadi penjualan termahal Fulham ketika pindah ke Al-Hilal pada 2023. Striker Serbia itu sebelumnya mencetak 109 gol dalam 190 laga liga bersama Fulham. Di Al-Hilal, ia membuat 68 gol dalam 79 pertandingan dan meraih tiga trofi domestik sebelum kini bermain untuk Al-Rayyan. Baca juga: Anthony Gordon Langsung Bersinar Bersama Barcelona Hull City - Jarrod Bowen Fee: Â£22 juta Dijual ke: West Ham United Jarrod Bowen masih menjadi penjualan termahal Hull City. Bowen pindah ke West Ham United pada 2020. Di London Stadium, ia berkembang menjadi kapten klub dan mendapat panggilan ke Timnas Inggris. Ia juga merasakan kesuksesan di Conference League. Ipswich Town - Omari Hutchinson Fee: Â£37,5 juta Dijual ke: Nottingham Forest Omari Hutchinson menjadi rekor penjualan Ipswich Town setelah hanya satu tahun berada di klub tersebut. Hutchinson pindah ke Nottingham Forest dengan nilai Â£37,5 juta setelah sebelumnya bermain untuk Ipswich di Championship. Kini ia dipinjamkan ke AC Milan. Raphinha semasa di Leeds United. Foto: (Getty Images) Leeds United - Raphinha Fee: Â£55 juta Dijual ke: Barcelona Raphinha menjadi penjualan termahal Leeds United ketika pindah ke Barcelona pada 2022. Winger Brasil itu tampil impresif selama dua musim di Premier League bersama Leeds. Setelah pindah ke Barcelona, ia justru semakin berkembang dengan torehan 80 gol dan 53 assist, tiga gelar LaLiga, serta satu Copa del Rey. Liverpool - Philippe Coutinho Fee: Â£145 juta Dijual ke: Barcelona Liverpool memiliki rekor penjualan tertinggi di antara 20 klub Premier League. Philippe Coutinho pindah ke Barcelona dengan nilai Â£145 juta. Keputusan Liverpool melepasnya menjadi sangat menguntungkan setelah The Reds meraih berbagai trofi, sementara Coutinho kesulitan mempertahankan performanya setelah meninggalkan Anfield. Manchester City - Savio Fee: Â£85 juta Dijual ke: Tottenham Hotspur Savio menjadi penjualan termahal Manchester City dengan nilai Â£85 juta, termasuk add-ons. Transfer tersebut melewati penjualan Julian Alvarez ke Atletico Madrid pada 2024 yang bernilai Â£81,5 juta termasuk add-ons. Savio sebelumnya meraih FA Cup dan Carabao Cup bersama City, dengan catatan tujuh gol dan 13 assist dalam 84 penampilan di semua kompetisi. Manchester United - Cristiano Ronaldo Fee: Â£80 juta Dijual ke: Real Madrid Cristiano Ronaldo masih menjadi penjualan termahal Manchester United. Ronaldo pindah ke Real Madrid setelah menjadi salah satu pemain terbaik di dunia bersama Setan Merah. Catatan dan pencapaiannya bersama klub Inggris tersebut membuat transfernya menjadi salah satu penjualan terbesar dalam sejarah klub. Newcastle United - Alexander Isak Fee: Â£125 juta Dijual ke: Liverpool Alexander Isak menjadi rekor penjualan Newcastle United setelah pindah ke Liverpool. Sebelumnya, rekor tersebut dipegang Andy Carroll yang pindah ke Liverpool dengan nilai Â£35 juta pada 2011. Nottingham Forest - Elliot Anderson Fee: Â£116 juta Dijual ke: Manchester City Nottingham Forest mencatat rekor klub untuk penjualan maupun pembelian pemain pada musim panas 2026. Elliot Anderson pindah ke Manchester City dengan nilai Â£116 juta. Ia sebelumnya bergabung dengan Forest dari Newcastle pada 2024 dan berkembang pesat selama dua musim di City Ground. Sunderland - Jobe Bellingham Fee: Â£32 juta Dijual ke: Borussia Dortmund Jobe Bellingham menjadi penjualan termahal Sunderland. Gelandang Inggris itu pindah ke Borussia Dortmund dengan nilai Â£32 juta, atau Â£2 juta lebih mahal dari rekor sebelumnya yang dipegang Jordan Pickford. Baca juga: Mourinho: Mbappe Paling Pantas Menangi Ballon d'Or 2026 Harry Kane saat masih membela Tottenham Hotspur. Foto: Dylan Martinez/REUTERS Tottenham Hotspur - Harry Kane Fee: Â£100 juta Dijual ke: Bayern Munich Harry Kane menjadi penjualan termahal Tottenham setelah pindah ke Bayern Munich pada 2023. Sebelumnya, Gareth Bale menjadi rekor penjualan Spurs. Kane kemudian tampil luar biasa di Jerman dengan mencetak 148 gol dan 33 assist dalam 150 penampilan, serta meraih dua gelar Bundesliga. Daftar Rekor Jual Pemain 20 Klub Premier League* Klub Pemain Fee Rupiah Arsenal Gabriel Martinelli Â£60 juta Rp1,43 triliun Aston Villa Morgan Rogers Â£117 juta Rp2,80 triliun Bournemouth Dominic Solanke Â£65 juta Rp1,55 triliun Brentford Bryan Mbeumo Â£65 juta Rp1,55 triliun Brighton Moises Caicedo Â£100 juta Rp2,39 triliun Chelsea Enzo Fernandez Â£125 juta Rp2,99 triliun Coventry City Viktor Gyokeres Â£20,5 juta Rp489,9 miliar Crystal Palace Eberechi Eze Â£68 juta Rp1,63 triliun Everton Romelu Lukaku Â£90 juta Rp2,15 triliun Fulham Aleksandar Mitrovic Â£50 juta Rp1,19 triliun Hull City Jarrod Bowen Â£22 juta Rp525,8 miliar Ipswich Town Omari Hutchinson Â£37,5 juta Rp896,2 miliar Leeds United Raphinha Â£55 juta Rp1,31 triliun Liverpool Philippe Coutinho Â£145 juta Rp3,47 triliun Manchester City Savio Â£85 juta Rp2,03 triliun Manchester United Cristiano Ronaldo Â£80 juta Rp1,91 triliun Newcastle United Alexander Isak Â£125 juta Rp2,99 triliun Nottingham Forest Elliot Anderson Â£116 juta Rp2,77 triliun Sunderland Jobe Bellingham Â£32 juta Rp764,8 miliar Tottenham Hotspur Harry Kane Â£100 juta Rp2,39 triliun * Catatan: Nilai transfer di atas mengikuti pencatatan Squawka. Untuk beberapa transaksi, nilai yang dicantumkan dapat mencakup add-ons atau komponen tambahan dalam paket transfer. Halaman 2 dari 4 (krs/ran) rekor penjualan transfer pemain premier league arsenal nilai transfer gabriel martinelli bursa transfer klub sepak bola pemain termahal statistik pemain"
Prediksi Everton Vs MU: Setan Merah Unggulan Supercomputer,https://sport.detik.com/sepakbola/liga-inggris/d-8650589/prediksi-everton-vs-mu-setan-merah-unggulan-supercomputer,"Jakarta - Manchester United lebih diunggulkan untuk mengalahkan Everton dalam lanjutan Premier League 2026/2027. Berdasarkan simulasi supercomputer, peluang Setan Merah meraih kemenangan mencapai 43,7 persen. Everton dan MU akan berhadapan di Hill Dickinson Stadium, Minggu (6/9/2026) malam WIB. Everton memiliki peluang menang sebesar 31 persen dalam simulasi supercomputer Opta. Everton datang dengan misi meraih kemenangan kandang secara beruntun di stadion barunya. The Toffees sebelumnya menang atas Burnley 2-0 dan Chelsea 3-0 pada Maret ketika mereka mampu mencatat kemenangan kandang beruntun di venue tersebut. SCROLL TO CONTINUE WITH CONTENT Namun, MU punya modal bagus setelah bangkit dari kekalahan pada laga sebelumnya. Setan Merah, yang kalah di pekan pembuka, mampu menghajar Ipswich Town 5-2 pada pekan lalu. Kemenangan itu sekaligus membuat MU terhindar dari catatan buruk sebagai tim pertama yang membuka musim Premier League dengan dua kekalahan beruntun melawan klub promosi. ADVERTISEMENT Baca juga: Jadwal Liga Inggris Pekan Ini: Arsenal Vs Chelsea Jadi Sajian Utama Carrick Kejar Catatan Elite Pertandingan ini juga menjadi momen penting bagi Michael Carrick. Duel melawan Everton merupakan pertandingan Premier League ke-20 dalam periode keduanya sebagai manajer Manchester United. Dalam periode tersebut, MU sudah mengumpulkan 42 poin, terbanyak dibandingkan tim mana pun. Carrick berpeluang masuk kelompok elite jika MU menang atas Everton. Tambahan tiga poin akan membuatnya mengoleksi 45 poin dari 20 pertandingan pertamanya dalam periode tersebut. Sejauh ini, hanya lima manajer yang mampu meraih sedikitnya 45 poin dalam 20 pertandingan pertama sejak memulai masa jabatan bersama sebuah klub. Jose Mourinho mengoleksi 49 poin pada periode pertamanya bersama Chelsea. Antonio Conte juga meraih 49 poin bersama Chelsea. John Gregory mengumpulkan 48 poin bersama Aston Villa, sedangkan Arne Slot meraih 47 poin bersama Liverpool. Carlo Ancelotti melengkapi daftar tersebut dengan 45 poin bersama Chelsea. Carrick bisa menyamai catatan Ancelotti jika membawa MU menang di markas Everton. Baca juga: Carrick: Tandang ke Everton Tak Pernah Mudah Everton Vs MU, Moyes Punya Catatan Buruk David Moyes juga memiliki sejarah panjang dengan Manchester United. Ia pernah menangani Setan Merah sebelum kembali menjadi manajer Everton. Namun, Moyes justru memiliki catatan buruk ketika menghadapi MU di Premier League. Ia sudah menelan 23 kekalahan melawan Setan Merah. Hanya Harry Redknapp yang lebih sering kalah saat menghadapi Manchester United, yakni 24 kali. Kini Moyes berusaha membawa Everton meraih kemenangan kandang beruntun. Di sisi lain, Carrick mengincar kemenangan yang bukan cuma menjaga momentum MU, tetapi juga bisa membawanya masuk ke kelompok elite manajer Premier League. Berdasarkan hasil simulasinya, supercomputer Opta pun lebih condong kepada tim tamu. MU memiliki peluang menang 43,7 persen, sedangkan Everton 31 persen. (krs/ran) everton manchester united supercomputer premier league prediksi pertandingan michael carrick david moyes peluang menang statistik sepak bola catatan manajer"
"Usai Man City Kalahkan Coventry, Maresca Senggol-Senggol Arsenal",https://sport.detik.com/sepakbola/liga-inggris/d-8650724/usai-man-city-kalahkan-coventry-maresca-senggol-senggol-arsenal,"Jakarta - Enzo Maresca tampaknya sangat puas dengan kedalaman skuad Manchester City . Dia bahkan sampai menjabarkan situasi Arsenal . Man City susah payah mendapatkan kemenangan 1-0 dari Coventry City di Etihad Stadium dalam lanjutan Liga Inggris, Sabtu (5/9/2026). Hasil ini juga tak lepas dari kegemilangan kiper Gianluigi Donnarumma. The Citizens era Maresca membangun skuad musim ini dengan harga mahal. Tim peringkat kedua musim lalu ini menghabiskan dana perekrutan pemain dengan rekor 458 juta Paun. SCROLL TO CONTINUE WITH CONTENT Maresca merasa skuadnya saat ini sudah dalam. Dia merasa kedalaman skuad harus dijaga demi bisa bersaing menjadi juara dan mencontohkan apa yang terjadi di Arsenal. Baca juga: Klasemen Liga Inggris: Man City Sementara Memimpin ADVERTISEMENT ""Jika Anda melihat sejak pertandingan Community Shield, Anda akan menemukan bahwa Arsenal telah memainkan dua pertandingan lebih banyak dan susunan pemain mereka mengalami lima perubahan di setiap pertandingan,"" kata Maresca yang dikutip dari Metro. ""Dua pemenang Piala Dunia, [Mikel] Merino dan [Martin] Zubimendi, dua pemain Inggris, [Eberechi] Eze dan [Noni] Madueke, dan satu lagi saya tidak ingat, saya rasa itu [Piero] Hincapie,"" sambungnya. ""Pada akhirnya, jika Anda ingin berada di sana, Anda membutuhkan pilihan. Arsenal punya pilihan. Kami punya pilihan. Lebih banyak tim memiliki pilihan, tetapi bukan hanya kami. Saya sangat senang dengan pilihan yang kami miliki, itu adalah sesuatu yang penting bagi kami jika ingin bersaing,"" tegasnya. Man City sangat banyak memboyong pemain di musim panas tahun ini. Di antaranya adalah Enzo Fernandez, Elliot Anderson, Ayyoub Bouaddi, Iliman Ndiaye, hingga Allan. Baca juga: Man City Vs Coventry: Gol Tunggal Haaland Menangkan The Citizens (ran/krs) manchester city arsenal enzo maresca"
"Baru Main, Barcola Langsung 'Ngebut' di Premier League!",https://sport.detik.com/sepakbola/liga-inggris/d-8650572/baru-main-barcola-langsung-ngebut-di-premier-league,"Jakarta - Bradley Barcola baru bermain sekitar setengah jam untuk Liverpool di Premier League. Winger asal Prancis tersebut menandainya dengan aksi ""ngebut"". Barcola menjalani debut bersama Liverpool dalam kemenangan 2-0 atas Ipswich Town, Sabtu (5/9/2026) dini hari WIB. Ia masuk pada menit ke-64 menggantikan Victor Munoz dan tampil sekitar 28 menit. Barcola belum mencetak gol atau assist dalam debutnya. Namun, kecepatannya langsung menjadi sorotan. Berdasarkan data FotMob, Barcola melesat hingga 35,9 km/jam. Barcola langsung menjadi pemain dengan top speed tertinggi di Premier League 2026/2027. Ia menggeser Milan van Ewijk dari Coventry City dan Pedro Neto dari Chelsea yang sama-sama mencatat 35,3 km/jam. Catatan Barcola juga semakin menarik karena ia baru tampil sekitar setengah jam. Liverpool kini memiliki pemain yang bisa memberikan ancaman berbeda lewat kecepatan, terutama ketika lawan bermain dengan garis pertahanan tinggi. ADVERTISEMENT Baca juga: Hasil Ipswich Town Vs Liverpool: Isak On Fire, Bawa Si Merah Menang 2-0 Barcola Bikin Iraola Terpukau Manajer Liverpool, Andoni Iraola, turut puas dengan penampilan perdana Barcola. Ia menilai pemain yang didatangkan dari Paris Saint-Germain itu sudah menunjukkan kualitasnya. ""Saya pikir dia menjalani menit-menit yang bagus. Saya pikir dia memiliki umpan yang sangat bagus,"" kata Iraola kepada Sky Sports. Iraola juga melihat Barcola beberapa kali bergerak ke ruang kosong di belakang pertahanan lawan. Menurutnya, Liverpool masih perlu membangun koneksi dengan sang winger agar pergerakan tersebut bisa lebih sering dimanfaatkan. ""Dalam serangan balik, beberapa kali kami tidak menemukannya, jadi kami harus mempelajari pergerakan seperti ini karena dia akan berada di belakang, terus memberikan ancaman,"" ujarnya. Barcola memang belum berada dalam kondisi pertandingan terbaik. Iraola menyebut sang pemain belum mendapatkan menit kompetitif sejak Piala Dunia sehingga penggunaannya masih harus dilakukan secara bertahap. ""Dia belum memainkan menit kompetitif sejak Piala Dunia, jadi kami harus sedikit lebih berhati-hati, tetapi saya pikir dia sudah sangat bagus,"" kata Iraola. Baca juga: Liverpool Tak Daftarkan Chiesa dan Endo di Skuad Liga Champions Top Speed Tertinggi Premier League 2026/2027* Bradley Barcola (Liverpool) - 35,9 km/jam Milan van Ewijk (Coventry City) - 35,3 km/jam Pedro Neto (Chelsea) - 35,3 km/jam Kristoffer Ajer (Brentford) - 35,1 km/jam Rayan (Bournemouth) - 35,1 km/jam *Data FotMob (krs/krs) debut pemain liverpool fc bradley barcola kecepatan pemain premier league top speed andoni iraola ipswich town sepak bola transfer pemain"
Gakpo ke Isak: Kamu Berutang Asis Padaku!,https://sport.detik.com/sepakbola/liga-inggris/d-8650446/gakpo-ke-isak-kamu-berutang-asis-padaku,"Jakarta - Cody Gakpo mengukir dua asis buat Alexander Isak kala Liverpool membungkam Ipswich Town . Itu asis ketiganya ke Isak dalam dua laga beruntun. Gakpo menjadi kreator atas dua gol Isak, yang memastikan Liverpool menang 2-0 di markas Ipswich. Itu juga menandai berlanjutnya koneksi Gakpo-Isak, yang sebelumnya menghasilkan satu gol saat Liverpool ditahan Nottingham Forest. Baca juga: Alexander Isak Dituntut Kontribusi Tak Cuma Gol Saja SCROLL TO CONTINUE WITH CONTENT Keduanya memulai musim dengan baik. Gakpo kini sudah mengoleksi satu gol dan tiga asis dalam tiga pertandingan, sementara Isak punya tiga gol. Ini memberikan Liverpool harapan besar. Gakpo pun berharap kerja samanya dengan Isak terus membaik dan sembari bercanda, meminta Isak tak lupa 'membayar' utang asisnya. ADVERTISEMENT ""Kita akan lihat nanti bagaimana,"" sahut Gakpo di situs klub. Baca juga: Awas! Gakpo-Isak Siap 'Gasak' Lawan-lawan Liverpool ""Tentunya sebagai penyerang, kami selalu berlatih bersama dan kami mencoba semakin memahami satu sama lainnya."" ""Semoga kami bisa sering saling memberi asis. Dia sekarang berutang beberapa asis,"" imbuhnya. Baca juga: Isak Siap Meledak! Video Gol Dramatis Estevao Bikin Liverpool Keok Video Gol Dramatis Estevao Bikin Liverpool Keok (raw/rin) cody gakpo alexander isak liverpool ipswich town liga inggris"
Rekor! 3 Tim Gagal Cetak Gol di 3 Pekan Pertama Liga Inggris,https://sport.detik.com/sepakbola/liga-inggris/d-8650394/rekor-3-tim-gagal-cetak-gol-di-3-pekan-pertama-liga-inggris,"Jakarta - Sebuah rekor tak sedap pecah di Premier League . Ada tiga tim masih puasa gol sampai ke pekan ketiga! Ketiga tim itu adalah Aston Villa, Tottenham Hotspur , dan Coventry City. Tiga-tiganya belum menang dari tiga laga pertamanya. Villa dihajar Brighton & Hove Albion 0-4 pada pekan pertama, lalu takluk 0-1 dari Arsenal di laga kedua. Mereka lantas ditahan 0-0 oleh Hull City, Sabtu (5/9/2026) malam WIB. SCROLL TO CONTINUE WITH CONTENT Baca juga: Nottingham Vs Tottenham Selesai 0-0 Tottenham melalui laju yang sama. The Lilywhites disikat Brentford 0-3 dan tunduk 0-2 oleh Newcastle United, sebelum berimbang 0-0 kontra Nottingham Forest. ADVERTISEMENT Adapun Coventry terus-terusan kalah di tiga pertandingan sejauh ini. Tim besutan Frank Lampard itu dilibas Arsenal 0-3, lalu masing-masing takluk 0-1 oleh Hull City dan Manchester City. Baca juga: Belanja Gila Klub-klub Premier League: Real Madrid di Bawah Ipswich Town! Opta menyebut bahwa ini pertama kalinya di level teratas Liga Inggris, ada tiga tim melalui tiga pekan pertama tanpa mampu cetak gol. Ini jadi sebuah catatan yang ironis, mengingat Premier League adalah liga paling boros belanja di musim panas ini. Tottenham misalnya, merupakan salah satu tim yang berbelanja paling besar dengan tembus 300 juta Paun. Sementara Villa menggelontorkan dana 256 juta Paun dan Coventry di angka 126 juta Paun. Nyatanya, belanja besar itu tak serta-merta berbanding lurus dengan hasil dan produktivitas gol. Baca juga: Bursa Transfer Premier League: Man City Banyak Belanja, Chelsea Untung Video: Tottenham Hotspur Keluar dari Zona Degradasi! Video: Tottenham Hotspur Keluar dari Zona Degradasi! (raw/pur) liga inggris premier league aston villa tottenham hotspur"
Klasemen Liga Inggris: Man City Sementara Memimpin,https://sport.detik.com/sepakbola/liga-inggris/d-8650389/klasemen-liga-inggris-man-city-sementara-memimpin,"Jakarta - Manchester City sementara memimpin Premier League . Mereka ditempel tim promosi, Hull City , yang melanjutkan start tanpa kekalahan. Man City masih sempurna di tiga pertandingan pertama Liga Inggris. Menjamu Coventry City di Etihad Stadium, Sabtu (5/9/2026) malam WIB, tim polesan Enzo Maresca itu menang tipis 1-0 berkat gol Erling Haaland. Baca juga: Man City Vs Coventry: Gol Tunggal Haaland Menangkan The Citizens SCROLL TO CONTINUE WITH CONTENT Itu berarti Man City jadi tim pertama yang menyapu bersih tiga pekan pertama musim ini. Masih ada Arsenal atau Chelsea yang berpeluang mengikuti catatan itu dan kebetulan keduanya saling berhadapan, Minggu (6/9) malam WIB nanti. Hull City melanjutkan start positifnya musim ini. Tim promosi itu belum kalah, meraih kemenangan atas Manchester United dan Coventry, lalu imbang dengan Aston Villa semalam. ADVERTISEMENT Baca juga: Arsenal Vs Chelsea: Arteta dan Alonso 'Putus' Pertemanan Selama 90 Menit Dua tim belum meraih sama sekali dan terlempar ke dasar tabel. Mereka adalah Fulham dan Coventry, yang bahkan belum membua gol satu pun. Klasemen Liga Inggris hingga Minggu (6/9) No Tim Main Menang Seri Kalah SG Poin 1 Manchester City 3 3 0 0 +5 9 2 Hull City 3 2 1 0 +3 7 3 Arsenal 2 2 0 0 +4 6 4 Chelsea 2 2 0 0 +2 6 5 Brentford 3 1 2 0 +3 5 6 Liverpool 3 1 2 0 +2 5 7 Newcastle United 3 1 2 0 +2 5 8 Leeds United 3 1 2 0 +1 5 9 Brighton & Hove Albion 3 1 1 1 +3 4 10 Everton 2 1 1 0 +2 4 11 Sunderland 3 1 1 1 0 4 12 Manchester United 2 1 0 1 +1 3 13 Crystal Palace 3 1 0 2 -4 3 14 Ipswich Town 3 1 0 2 -4 3 15 AFC Bournemouth 3 0 2 1 -1 2 16 Nottingham Forest 3 0 2 1 -1 2 17 Aston Villa 3 0 1 2 -5 1 18 Tottenham Hotspur 3 0 1 2 -5 1 19 Fulham 3 0 0 3 -3 0 20 Coventry City 3 0 0 3 -5 0 Video: Enzo Fernandez Bakal Hengkang dari Chelsea? Video: Enzo Fernandez Bakal Hengkang dari Chelsea? (raw/rin) klasemen liga inggris manchester city hull city premier league arsenal chelsea"
"Juventus Dilanda Badai Cedera, Bursa Transfer Tak Membantu Spalletti",https://sport.detik.com/sepakbola/liga-italia/d-8656339/juventus-dilanda-badai-cedera-bursa-transfer-tak-membantu-spalletti,"Jakarta - Juventus sedang dilanda cedera. Bianconeri juga dinilai tidak memuaskan pada aktivitas bursa transfer musim panas 2026. Manuel Locatelli menjadi salah satu pemain yang paling disorot. Kapten Juventus itu harus menepis setidaknya sampai akhir 2026 setelah menjalani operasi akibat cedera meniskus. Juventus sebelumnya sudah kehilangan Khephren Thuram dan Kenan Yildiz yang juga mengalami cedera. Ada pula Andrea Cambiaso, Jeff Ekhator, Weston McKennie, Juan Cabal, dan Jeremie Boga sedang menghadapi masalah otot. SCROLL TO CONTINUE WITH CONTENT ""Ini jelas merupakan pukulan telak bagi klub, terutama karena absennya Locatelli datang setelah Yildiz juga harus menepi,"" Legenda Juventus dan tim nasional Italia, Marco Tardelli , kepada Gazzetta. Baca juga: Usai Jadi Penyelamat Juventus, Gatti: Selalu Aku! ADVERTISEMENT Tardelli menilai situasi yang dihadapi pelatih Luciano Spalletti di Juventus semakin sulit. Tardelli merasa Juventus sebelumnya tidak bekerja dengan baik di bursa transfer musim panas 2026. ""Spalletti adalah pelatih yang sangat bagus menurut saya. Namun, Anda harus memahaminya karena bersamanya Anda bisa memberikan banyak hal jika mengikutinya, dan itu tidak selalu mudah. Tentu saja, bursa transfer tidak membantunya,"" ujar Tardelli. Spalletti dituntut segera menemukan formula terbaik untuk Juventus di tengah krisis cedera. Bianconeri dijadwalkan menghadapi Sassuolo pada 13 September 2026 dalam lanjutan Serie A. ""Terkadang moral tim menurun, tetapi harus juga dikatakan bahwa Anda dapat menemukan energi justru dalam kesulitan dan momen-momen sulit; energi yang mungkin tidak Anda duga sebelumnya,"" Tardelli menegaskan. Baca juga: Spalletti: Niat Bagus Saja Tak Cukup, Juventus Video: Sepakat Dibeli PSG 35 Juta Euro, Zion Suzuki Buka Opsi Dipinjam Juventus Video: Sepakat Dibeli PSG 35 Juta Euro, Zion Suzuki Buka Opsi Dipinjam Juventus (ran/aff) juventus marco tardelli luciano spalletti"
"Usai Jadi Penyelamat Juventus, Gatti: Selalu Aku!",https://sport.detik.com/sepakbola/liga-italia/d-8652479/usai-jadi-penyelamat-juventus-gatti-selalu-aku,"Jakarta - Federico Gatti menjadi penyelamat Juventus dari kekalahan melawan AC Milan. Dia melakukan selebrasi yang sangat emosional. Juventus vs AC Milan berlangsung di Allianz Stadium dalam lanjutan Liga Italia, Senin (7/9/2026) dini hari WIB. Pertandingan tuntas 1-1. Bianconeri tertinggal 0-1 akibat gol Alphadjo Cisse di menit ke-68. Gatti kemudian menyelamatkan muka Juventus lewat gol sundulan di injury time. SCROLL TO CONTINUE WITH CONTENT Gatti masuk ke pertandingan pada menit ke-89 setelah menggantikan Zeki Celik. Saat merayakan golnya, Gatti berteriak ke arah kerumunan suporter Juventus, ""Selalu aku!"" Baca juga: Spalletti: Niat Bagus Saja Tak Cukup, Juventus ADVERTISEMENT Juventus koopt Randal Kolo Muani voor zo'n â¬50M en huurt Nick Woltemade (marktwaarde zo'n â¬55M), maar voormalig dakdekker Federico Gatti moet als gelegenheidsspits de meubelen redden. Juve is voor het zoveelste jaar op rij begonnen aan een anno zero. pic.twitter.com/hEMpaSlfC0 â Wesley Victor Mak ð®ð¹ (@WesleyVictorMak) September 6, 2026 Hal ini mungkin merujuk perasaan Gatti yang tak kunjung mendapatkan kepercayaan penuh sebagai starter. Bek berusia 28 tahun itu pada musim lalu juga pernah menyelamatkan Juventus dari kekalahan di kandang lewat gol di injury time melawan AS Roma dengan skor 3-3. Gatti juga masih punya banyak gol lainnya di kandang Juventus. Situasinya juga menghindari Juventus dari kekalahan atau membuat menjadi menang: melawan Sporting CP, Sevilla, Monza, Napoli, dan Fiorentina. ""Aku minta maaf jika Anda terkejut, ini yang selalu aku lakukan di masa lalu,"" kata Gatti kepada DAZN Italia ketika ditanya tentang dampaknya sebagai pemain pengganti. ""Ini adalah sejarahku, aku memiliki kekuatan batin, aku tidak pernah menyerah, aku melawan semua orang dan segalanya dengan tekad yang kuat,"" tegasnya Baca juga: Amorim Akui Milan Memang Tak Pantas Menang atas Juventus (ran/krs) juventus federico gatti liga italia"
Inter Milan Perpanjang Kontrak Pio Esposito,https://sport.detik.com/sepakbola/liga-italia/d-8653100/inter-milan-perpanjang-kontrak-pio-esposito,"Milan - Pio Esposito adalah bagian dari proyek masa depan Inter Milan . Nerazzurri pun memagarinya dengan kontrak baru sampai 2032. Kesepakatan itu tercapai, Minggu (6/9) kemarin atau sehari setelah kemenangan 3-2 atas Napoli di pekan ketiga Serie A. Esposito setuju untuk memperpanjang masa tinggalnya di Giuseppe Meazza selama enam tahun. Pemain lulusan akademi Inter itu juga mendapat kenaikan gaji, dari 1,85 juta euro menjadi 2,7 euro per musim atau sekitar Rp 55 miliar. SCROLL TO CONTINUE WITH CONTENT Kontrak Esposito ini jadi percontohan untuk aturan baru Serie A, di mana kini pemain diperbolehkan dikontrak sampai enam tahun. Sebelumnya Serie A membatasi hanya sampai lima tahun. Baca juga: AS Roma Bisa Saingi Inter? ADVERTISEMENT Kesepakatan ini tak lepas dari performa Esposito usai dipulangkan musim lalu ke Inter. Dia menjawab kepercayaan pelatih Cristian Chivu dengan 12 gol dan delapan assist dari 53 penampilan sejauh ini. Dia kerap dirotasi dengan Marcus Thuram atau Ange Yoan-Bony untuk jadi partner Lautaro Martinez di lini serang. Bahkan di tiga laga awal Serie A musim ini, Esposito selalu jadi starter. Performa mantap di level klub bikin Esposito bisa membela Timnas Italia. Sejak debut September tahun lalu, pemain 21 tahun itu sudah bikin lima gol dari sembilan caps. Baca juga: Inter Comeback Dramatis Lawan Napoli, Curtis Jones Bangga Jadi Nerazzurri Lihat juga Video: Lamine Yamal Resmi Perpanjang Kontrak di Barcelona hingga 2031 [Gambas:Video 20detik] (mrp/bay) pio esposito inter milan liga italia 2026/2027 liga italia"
Fiorentina Punya Pelatih Baru,https://sport.detik.com/sepakbola/liga-italia/d-8653095/fiorentina-punya-pelatih-baru,"Florence - Fiorentina sudah punya pelatih baru pengganti Fabio Grosso . La Viola resmi memulangkan Paolo Vanoli . Vanoli diangkat sebagai pelatih Fiorentina sampai akhir musim ini. Dia ditugaskan mengangkat performa tim yang berantakan bersama Grosso, karena jadi juru kunci di klasemen Liga Italia dengan nol poin dari tiga laga dan kebobolan paling banyak, sembilan gol! ""Fiorentina mengumumkan pengangkatan Paolo Vanoli sebagai pelatih kepala tim utama,"" ujar pernyataan resmi klub. SCROLL TO CONTINUE WITH CONTENT ""Kami ingin berterima kasih atas kesediaan Vanoli menerima tawaran menjadi pelatih klub ini lagi dengan cepat. Pelatih akan langsung memimpin sesi latihan sore ini."" Baca juga: Serie A Baru 3 Pekan, Fiorentina Langsung Pecat Fabio Grosso ADVERTISEMENT Grosso sejatinya ditunjuk menjadi pengganti Vanoli musim panas lalu. Manajemen Fiorentina kala itu tidak puas dengan kinerja Vanoli yang menggantikan posisi Stefano Pioli November 2025. Sebab Fiorentina lebih banyak berkutat di papan bawah sebelum akhirnya lolos dari degradasi setelah finis posisi ke-15. Sayangnya, Grosso bernasib sama seperti Pioli musim, dipecat karena Fiorentina belum pernah menang. Bedanya kali ini Fiorentina cuma butuh tiga laga untuk mengeluarkan surat PHK. Vanoli akan melakukan debutnya saat Fiorentina melawat ke markas Venezia akhir pekan ini. Baca juga: Real Madrid Segera Kirim Mastantuono ke Fiorentina Video: Aksi Jay Idzes Bantu Kemenangan Sassuolo Atas Torino Video: Aksi Jay Idzes Bantu Kemenangan Sassuolo Atas Torino (mrp/bay) paolo vanoli fiorentina fabio grosso liga italia 2026/2027 liga italia"
AS Roma Bisa Saingi Inter?,https://sport.detik.com/sepakbola/liga-italia/d-8652536/as-roma-bisa-saingi-inter,"Jakarta - AS Roma memulai musim dengan cemerlang. Mantan pelatihnya, Fabio Capello , melihat banyak hal menjanjikan dari tim besutannya Gian Piero Gasperini . Roma start dengan impresif, meraih kemenangan di tiga pertandingan pertamanya. Tim berjuluk Serigala itu menghabisi Fiorentina dan Lecce 4-0, lalu mencatatkan comeback gemilang 2-1 atas Atalanta . Saat ini anak-anak asuh Gasperini memimpin klasemen Liga Italia dengan nilai sempurna sembilan. Mereka unggul selisih gol atas Inter Milan, satu-satunya tim selain mereka yang juga masih sempurna. SCROLL TO CONTINUE WITH CONTENT Baca juga: AS Roma Vs Atalanta: Drama 2 Gol Mepet Akhir Menangkan I Lupi! Awal musim yang niscaya amat menggembirakan buat Roma, terutama melihat kemampuan menyerang dan bertahannya. Sejauh ini mereka jadi tim paling produktif (10 gol) dan paling jarang dijebol (1 gol). ADVERTISEMENT Musim memang masih panjang, tapi eks pelatih Roma Fabio Capello menilai Paulo Dybala dkk bermain dengan sikap yang tepat. Semuanya sadar punya peran baik sebagai pilihan utama maupun pengganti. Giallorossi pun digadang-gadang jadi pesaing utama juara bertahan, Inter Milan. Baca juga: Karena Roma Kini Lebih Kuat ""Roma memainkan pendekatan satu lawan satu, habis-habisan, dan lebih dari itu, punya gaya yang proaktif ini dengan semuanya saling membantu satu sama lain,"" ujar Capello soal cara main Roma ""Kalau Anda punya empat atau lima pemain berkualitas di sepertiga akhir, yang tahu caranya berkomunikasi di ruang sempit, cepat atau lambat sesuatu akan terjadi. Melawan Atalanta, gol kemenangan itu akhirnya tiba."" ""Gasp (Gasperini) menginginkan dua pemain starter di setiap peran dan dia benar. Anda bisa melihat hasil-hasil di Olimpico, dengan pergantian di babak kedua."" Baca juga: Serie A Baru 3 Pekan, Fiorentina Langsung Pecat Fabio Grosso ""Mereka semua bermain dengan hasrat yang sama untuk menang, karena memahami mereka itu kompetitif. Saya belum melihat satupun pemain Roma yang menunjukkan sikap seperti seseorang yang tersinggung kalau jadi pemain pengganti,"" imbuhnya. (raw/krs) as roma liga italia inter milan fabio capello gian piero gasperini paulo dybala"
Spalletti Enggan Permasalahkan Gol Pertama Milan,https://sport.detik.com/sepakbola/liga-italia/d-8652486/spalletti-enggan-permasalahkan-gol-pertama-milan,"Turin - Pelatih Juventus Luciano Spalletti enggan membahas proses gol AC Milan yang bersarang ke gawang timnya. Menurutnya wasit sudah mengambil keputusan tepat. Juventus ditahan Milan 1-1 dalam lanjutan Serie A musim ini yang berlangsung di Allianz Stadium, Senin (7/9/2026) dini hari WIB. Bianconeri mengamankan satu poin lewat gol Federico Gatti di injury time usai tertinggal lebih dulu lewat Alphadjo Cisse. Gol Milan yang hadir lewat Cisse di menit ke-68 sempat diperdebatkan karena hadir lewat serangan balik. Saat itu Koni De Winter merebut bola dari Randal Kolo Muani sebelum dialirkan ke depan oleh Luka Modric dan akhirnya sampai di kaki Cisse. SCROLL TO CONTINUE WITH CONTENT #JuveMilan | il dettaglio della refcam e della visuale di Mariani sul contatto De Winter / Kolo Muani (ð¸ DAZN). Non Ã¨ uno ""step on foot"" pieno, ma sicuramente il tallone destro del rossonero va a pestare la punta del piede sinistro del bianconero. ð¥ï¸ Lo scorso anno (sebbene leâ¦ pic.twitter.com/k649AhFzaS â Denis Errori Arbitrali (@erroriarbitrali) September 6, 2026 ADVERTISEMENT Baca juga: Spalletti: Niat Bagus Saja Tak Cukup, Juventus Namun wasit Maurizio Mariani tidak menilai aksi De Winter sebagai pelanggaran meski tampak ada kontak. Spalletti pun enggan mengajukan komplain soal itu. ""Mariani adalah salah satu wasit Italia terbaik, dan menurut pendapat saya, standar yang kita lihat itu sudah tepat,"" jawab Spalletti, dikutip Football Italia. ""Jika ingin bermain di Eropa, Anda harus beradaptasi; situasi-situasi seperti itu bukanlah pelanggaran dan tidak akan dianggap sebagai pelanggaran."" Baca juga: Amorim Akui Milan Memang Tak Pantas Menang atas Juventus ""Memang begitulah seharusnya. Tentu saja, bisa saja terjadi insiden di mana pelanggaran tidak diberikan atau kartu kuning terlewatkan, namun mengingat kecepatan permainan, hal-hal semacam itu bisa terjadi bahkan pada wasit yang hebat dan berpengalaman seperti dia."" ""Saya tidak akan mengeluhkan hal-hal semacam ini; saya ingin melihat tim saya berjuang hingga akhir. Kami beruntung, karena seharusnya kami bisa mencetak gol lebih awal,"" tegas Spalletti. Baca juga: Klasemen Liga Italia Usai Juventus Vs AC Milan Imbang (adp/krs) juventus ac milan juventus vs ac milan juventus vs milan serie a liga italia luciano spalletti"
"Serie A Baru 3 Pekan, Fiorentina Langsung Pecat Fabio Grosso",https://sport.detik.com/sepakbola/liga-italia/d-8652306/serie-a-baru-3-pekan-fiorentina-langsung-pecat-fabio-grosso,"Florence - Fiorentina langsung memecat Fabio Grosso dari kursi pelatih. La Viola memberhentikannya meski Serie A baru berjalan tiga pekan. Fiorentina mengumumkannya di media sosial. Grosso diberhentikan per Senin (7/9) WIB. ""ACF Fiorentina mengumumkan bahwa Fabio Grosso telah diberhentikan, efektif mulai hari ini, dari jabatannya sebagai pelatih Tim Utama putra,"" tulis Fiorentina. SCROLL TO CONTINUE WITH CONTENT Pemecatan ini disinyalir karen laju buruk Fiorentina di Serie A 2026/2027. David De Gea Cs menelan hat-trick kekalahan di tiga laga pertama. Fiorentina mengawali Liga Italia musim ini dengan dibantai 0-4 oleh AS Roma. Fiorentina kemudian kembali keok 0-3 dari tim promosi Frosinone, terakhir disikat Torino 1-2 akhir pekan lalu. Tiga kekalahan itu menempatkan tim asal Florence itu di dasar klasemen Liga Italia. ADVERTISEMENT Cuma sekali kemenangan sempat diberikan Grosso di awal musim ini. Itu terjadi saat mengalahkan Benevento 4-1 di babak pertama coppa Italia. Grosso sedianya baru ditunjuk sebagai pelatih Fiorentina pada Juni lalu, menggantikan Paolo Vanoli. Pahlawan Italia di Piala Dunia 2006 itu dimodali rekrutan peminjaman seperti Franco Mastantuono dari Real Madrid hingga Alex Jimenez dari Bournemouth. Namun, Fabio Grosso gagal mengangkat performa tim. Alhasil, pelatih yang musim lalu menukangi Jay Idzes Cs di Sassuolo itu angsung dipecat Fiorentina di awal musim. Video: Inter Milan Menang 2-1 Atas Fiorentina di Laga Serie A Video: Inter Milan Menang 2-1 Atas Fiorentina di Laga Serie A (yna/ran) fiorentina fabio grosso"
"Spalletti: Niat Bagus Saja Tak Cukup, Juventus",https://sport.detik.com/sepakbola/liga-italia/d-8651863/spalletti-niat-bagus-saja-tak-cukup-juventus,"Jakarta - Juventus lolos dari kekalahan secara dramatis. Meski memuji penampilan timnya, Luciano Spalletti mengakui eksekusi di lapangan masih perlu pembenahan. Juventus menjamu AC Milan di Allianz Stadium, Senin (7/9/2026) dini hari WIB, pada lanjutan Liga Italia. Secara umum, Bianconeri lebih dominan dalam hal peluang. Meski begitu, Milan justru unggul lebih dulu lewat Alphadjo Cisse pada menit ke-68. Tuan rumah baru bisa menyamakan dan menyelamatkan satu poin melalui Federico Gatti di masa injury time. SCROLL TO CONTINUE WITH CONTENT Baca juga: Juventus Vs Milan Tuntas 1-1 Spalletti memuji tekad para pemainnya dan kemauan untuk mendesak Milan. Akan tetapi masih banyak hal yang perlu dipoles. ADVERTISEMENT ""Ini adalah fondasi bagus untuk membangun langkah berikutnya, Juventus menekan mereka secara konstan dan mencoba menaikkan tempo pertandingan bahkan di kedudukan 0-0,"" kata Spalletti. ""Kami punya niat-niat yang tepat, tapi jelas kami perlu memperbaiki pilihan yang kami buat, dan tak meminta izin lawan di laga-laga seperti ini. Kami tak bisa menunggu diundang, kami harus masuk sendiri dan mengambil kendali penuh."" Baca juga: Klasemen Liga Italia Usai Juventus Vs AC Milan Imbang Di antara hal-hal yang perlu diperbaiki adalah detail-detail kecil. Ketika sudah berhasil masuk ke area pertahanan lawan, Juventus menyelesaikannya dengan kurang presisi. ""Saat kami ada di sepertiga akhir untuk menembus lini pertahanan mereka, di situlah kami perlu berbenah. Kami juga harus memperbaiki cara membangun peluang,"" sambungnya. ""Karena kami sering berada dalam situasi tersebut, hanya butuh bola sedikit lebih tinggi-atau mengarah ke kaki kanan alih-alih kaki kiri. Ini adalah detail-detail kecil yang bisa menjadi penentu."" (raw/krs) juventus ac milan liga italia luciano spalletti"
Amorim Akui Milan Memang Tak Pantas Menang atas Juventus,https://sport.detik.com/sepakbola/liga-italia/d-8651639/amorim-akui-milan-memang-tak-pantas-menang-atas-juventus,"Jakarta - AC Milan pulang dengan satu poin dari lawatannya ke markas Juventus meski sempat unggul lebih dulu. Pelatih Milan Ruben Amorim menilai hasil ini pantas untuk timnya. Duel Juventus vs Milan di Allianz Stadium, Turin, Senin (7/9/2026) dini hari WIB, meramaikan pekan ketiga Serie A 2026/27. Kedua tim harus puas berbagi poin usai bermain imbang 1-1. Juventus tampil dominan dengan total 14 tembakan, lima di antaranya mengarah ke gawang. Sementara Milan kesulitan menciptakan peluang dan cuma mencatatkan tiga upaya di sepanjang laga. SCROLL TO CONTINUE WITH CONTENT Meski demikian, justru Milan yang mampu unggul lebih dulu lewat gol Alphadjo Cisse pada menit ke-68. Juventus baru bisa menyamakan kedudukan melalui sundulan Federico Gatti di injury time. Baca juga: Juventus Vs Milan Tuntas 1-1 ADVERTISEMENT ""Kami tidak pantas menang, kalau boleh jujur, atau lebih ke Juventus tidak pantas kalah,"" ujar Amorim kepada DAZN Italia. ""Kami mencoba memainkan permainan kam, kami tidak bagus dalam memegang bola. Kami dapat momen ketika kami mengendalikan permainan di babak pertama, tapi kami mulai sering kehilangan bola, kami tidak main bagus, tapi sekali lagi kami sudah bekerja bersama selama dua bulan."" ""Kami harus lebih baik, tapi kami butuh waktu, itu tadi pertandingan yang berat buat kami,"" katanya. Hasil ini menghentikan start sempurna Amorim bersama Milan. Rossoneri kini menempati peringkat keempat klasemen Liga Italia dengan tujuh poin hasil dari dua kali menang dan satu kali imbang. Baca juga: Modric Berharap Bisa Kembali ke Real Madrid (nds/mrp) ac milan juventus serie a ruben amorim juventus vs milan klasemen liga italia"
Klasemen Liga Italia Usai Juventus Vs AC Milan Imbang,https://sport.detik.com/sepakbola/liga-italia/d-8651588/klasemen-liga-italia-usai-juventus-vs-ac-milan-imbang,"Jakarta - Juventus dan AC Milan harus puas berbagi angka. Alhasil, kedua raksasa itu gagal menempel AS Roma dan Inter Milan di puncak klasemen Liga Italia . Pada pertandingan di Allianz Stadium, Senin (7/9/2026) dini hari WIB, Juventus tampil dominan dengan menciptakan 13 attempts, enam mengarah ke gawang. Milan justru yang bisa bikin gol duluan lewat satu-satunya shot on target dari total tiga attempts. Alphadjo Cisse menciptakan gol di menit ke-68. SCROLL TO CONTINUE WITH CONTENT Tiga poin di depan mata pemain Rossoneri hilang karena ulah Federico Gatti di menit ke-92! Skor 1-1 membuat kedua tim kini gagal mendekati Roma dan Inter yang masih sempurna di tiga pertandingan. Baca juga: Juventus Vs Milan Tuntas 1-1 ADVERTISEMENT Milan malah turun ke posisi keempat disusul Juventus di posisi kelima. Kedua tim sama-sama punya tujuh poin, tapi kalah selisih gol dari Como (+4) di posisi ketiga. Frosinone yang merupakan tim promosi secara mengejutkan duduk di posisi keenam dengan enam poin. Fiorentina masih ada di dasar klasemen tanpa poin dan sudah kebobolan sembilan gol. Klasemen Liga Italia Pos Klub M M S K G K +/- POIN 1 Roma 3 3 0 0 10 1 9 9 2 Inter 3 3 0 0 8 3 5 9 3 AC Milan 3 2 1 0 5 2 3 7 4 Juventus 3 2 1 0 4 1 3 7 5 Como 3 2 1 0 7 3 4 7 6 Frosinone 3 2 0 1 6 3 3 6 7 Lazio 2 2 0 0 2 0 2 6 8 Atalanta 3 2 0 1 4 3 1 6 9 Udinese 2 1 1 0 4 3 1 4 10 Sassuolo 3 1 1 1 5 5 0 4 11 SSC Napoli 3 1 0 2 5 5 0 3 12 Cagliari 2 1 0 1 1 1 0 3 13 Torino 3 1 0 2 4 5 -1 3 14 Lecce 2 1 0 1 2 4 -2 3 15 Parma 3 0 1 2 1 4 -3 1 16 Monza 3 0 1 2 4 8 -4 1 17 Bologna 3 0 1 2 2 4 -2 1 18 Venezia 3 0 0 3 2 7 -5 0 19 Genoa 3 0 0 3 1 7 -6 0 20 Fiorentina 3 0 0 3 1 9 -8 0 Baca juga: Karena Roma Kini Lebih Kuat Video Milan vs Juventus: Duel Ketat Berakhir Tanpa Gol Video Milan vs Juventus: Duel Ketat Berakhir Tanpa Gol (mrp/bay) klasemen liga italia ac milan juventus juventus vs ac milan liga italia 2026/2027 liga italia"
Karena Roma Kini Lebih Kuat,https://sport.detik.com/sepakbola/liga-italia/d-8651489/karena-roma-kini-lebih-kuat,"Jakarta - AS Roma menang comeback dramatis atas Atalanta untuk menjaga start sempurnanya di Serie A. Pelatih Roma Gian Piero Gasperini menilai skuadnya kini lebih kuat. Laga Roma vs Atalanta di pekan ketiga Serie A 2026/27 digelar di Stadion Olimpico, Minggu (6/9/2026) dini hari WIB. Giallorossi menang 2-1 atas tim tamu. Kebobolan lebih dulu di awal babak kedua, Roma yang tampil dominan baru bisa menyamakan kedudukan lewat sundulan Mario Hermoso pada menit ke-89. Roma akhirnya menang berkat gol Matias Soule pada menit ke-90+3. SCROLL TO CONTINUE WITH CONTENT Roma kini sudah mencatat tiga kemenangan dalam tiga laga dengan mencetak 10 gol dan hanya kemasukan satu gol. Gasperini menilai kemenangan atas Atalanta tidak lepas dari kualitas kedalaman skuad Roma yang dinilainya kini lebih bagus. Baca juga: AS Roma Vs Atalanta: Drama 2 Gol Mepet Akhir Menangkan I Lupi! ADVERTISEMENT ""Tentu saja ketika Anda menang dengan cara seperti ini, di menit-menit terakhir, ketika Anda tertinggal sampai injury time dan pada akhirnya membalikkan keadaan dan menang, itu jelas bahwa ini adalah tanda-tanda bahwa tim percaya, dan bukti bahwa ada kualitas di dalamnya,"" ujar Gasperini di situs resmi klub. ""Dalam hal jumlah, pemain kami berkurang dua atau tiga dibandingkan musim lalu, tapi kualitasnya meningkat dan hasil malam ini menunjukkan itu. Saya masih punya De Roon, Koulierakis, dan Rensch di bangku cadangan, Pellegrini cedera,"" ucap Gasperini. ""Yang penting adalah tidak ada yang cedera, karena kami tidak punya jumlah pemain yang pas untuk skuad Liga Champions, tapi kami punya kedalaman skuad yang berkualitas,"" katanya. Dengan kemenangan ini, Roma masih sempurna dengan tiga kemenangan dalam tiga laga di Serie A 2026/27. Paulo Dybala dkk. untuk sementara memuncaki klasemen Liga Italia dengan sembilan poin, unggul selisih gol atas Inter Milan. Baca juga: Klasemen Liga Italia: AS Roma & Inter Masih Sempurna Video Wajah Lesu AS Roma Usai Dibungkam Genoa Video Wajah Lesu AS Roma Usai Dibungkam Genoa (nds/mrp) as roma gian piero gasperini liga italia roma vs atalanta serie a"
Juventus Vs Milan Tuntas 1-1,https://sport.detik.com/sepakbola/liga-italia/d-8651487/juventus-vs-milan-tuntas-1-1,"Jakarta - Juventus dan AC Milan harus puas berbagi poin usai bermain imbang 1-1 dalam lanjutan Serie A . Milan yang unggul lebih dulu dibalas oleh gol Juventus di injury time. Laga Juventus vs Milan di pekan ketiga Serie A 2026/27 digelar di Allianz Stadium, Senin (7/9/2026) dini hari WIB. Babak pertama berakhir imbang tanpa gol. Milan membuka keunggulan lebih dulu lewat tendangan Alphadjo Cisse pada menit ke-68. Juventus yang terus memberikan tekanan lantas menyamakan kedudukan pada menit ke-90+2 lewat sundulan Federico Gatti. SCROLL TO CONTINUE WITH CONTENT Dengan hasil ini, Milan menempati peringkat keempat klasemen Liga Italia dengan tujuh poin dari tiga laga. Juventus tepat berada di bawahnya dengan jumlah poin sama, hanya kalah selisih gol. Baca juga: Amorim: Juventus? Masalah Milan Bukan Lawan Tim Besar ADVERTISEMENT Jalannya Pertandingan Peluang didapat Juventus pada menit ke-25 lewat Francisco Conceicao. Ia menusuk dari kanan dan sepakannya ditepis Mike Maignan. Bola muntah gagal dimanfaatkan oleh Locatelli. Conceicao kembali memberikan ancaman untuk gawang Milan. Kali ini tendangannya dari sudut sempit memaksa Maignan melakukan penyelamatan di tiang dekat. Memasuki babak kedua, Milan masih kesulitan menciptakan peluang. Sementara itu, Juventus lagi-lagi mendapat kans lewat Conceicao. Kesalahan Yunus Musah dimanfaatkan oleh Locatelli yang kemudian menyodorkan bola kepada Conceicao. Sial bagi Juventus, tendangan Conceicao membentur tiang gawang. Baca juga: Modric Berharap Bisa Kembali ke Real Madrid Justru Milan yang kemudian memecah kebuntuan lebih dulu pada menit ke-68. Alphadjo Cisse menerima bola dari Chukwueze dan melepaskan tembakan dari sudut yang cukup sempit untuk menjebol gawang Juventus. Juventus yang tertinggal terus memberikan tekanan. Nick Woltemade mencoba memanfaatkan bola liar di kotak penalti, tapi tendangannya melambung di atas gawang Milan. Upaya Juventus kemudian membuahkan hasil pada menit ke-90+2. Teun Koopmeiners melepaskan umpan silang dari sisi kiri ke kotak penalti dan dituntaskan oleh Federico Gatti yang dengan leluasa menanduk bola. Susunan Pemain Juventus: Vicario; Kalulu, Bremer, Lucumi, Celik (Gatti 88'); Locatelli, Douglas Luiz (Woltemade 75'); Conceicao (Zhegrova 88'), Nico Gonzalez (Koopmeiners 64'), Alajbegovic (Boga64'); Kolo Muani Milan: Maignan; Gila (Terracciano 88'), De Winter, Pavlovic; Moreira (Cisse 61'), Modric (Jashari 82'), Musah, Estupinan; Rabiot (Chukwueze 61'), Saelemaekers (Loftus-Cheek 61'); Ramos Baca juga: Terungkap! Ini Alasan Vlahovic Sering Dicadangkan Juventus Video Milan vs Juventus: Duel Ketat Berakhir Tanpa Gol Video Milan vs Juventus: Duel Ketat Berakhir Tanpa Gol (nds/bay) juventus vs milan juventus ac milan serie a liga italia"
Bologna Vs Sassuolo: Jay Idzes Cs Ditahan Imbang 2-2,https://sport.detik.com/sepakbola/liga-italia/d-8651475/bologna-vs-sassuolo-jay-idzes-cs-ditahan-imbang-2-2,"Bologna - Sassuolo gagal meraih poin penuh saat bertandang ke markas Bologna dalam lanjutan Liga Italia . Jay Idzes cs ditahan imbang 2-2. Giornata ketiga Serie A mempertemukan Bologna vs Sassuolo. Pertandingan digelar di Staion Renato Dall'Ara, Minggu (6/9/2026) malam WIB. Jay Idzes diturunkan sebagai starter Sassuolo. Kapten Timnas Indonesia ini menjadi bek tengah tim dalam formasi 4-3-3. SCROLL TO CONTINUE WITH CONTENT Baca juga: Chivu: Inter Vs Napoli Jadi Promosi Terbaik untuk Serie A Sassuolo membuka keunggulan pada menit ke-19. Josh Doig mencetak gol dengan tembakan mendatarnya. Tim tamu unggul 1-0 dan tak berubah hingga memasuki masa jeda. ADVERTISEMENT Bologna baru bisa menyamakan kedudukan di babak kedua, tepatnya menit ke-50. Roberto Piccoli yang membobol gawang Sassuolo dan mengubah skor menjadi 1-1. Sassuolo kembali unggul memasuki menit ke-56. Vasilije Adzic menaklukkan kiper Bologna Lukasz Skorupski dengan tembakannya dan membawa timnya memimpin 2-1. Kemenangan di depan mata Sassuolo sirna memasuki injury time. Pemain pengganti Artem Dovbyk jadi penyelamat Bologna lewat golnya yang memaksa duel berakhir imbang 2-2. Baca juga: Amorim: Juventus? Masalah Milan Bukan Lawan Tim Besar Jay Idzes tak tergantikan sepanjang laga Bologna vs Sassuolo. Dia mencatatkan 4 kali sapuan, sekali intersep, dan memenangi 2 duel udara. Hasil ini membawa Sassuolo berada di urutan kesepuluh klasemen Liga Italia dengan 4 poin. Bologna di posisi ke-15 dengan 1 poin. Susunan Pemain Bologna: Lukasz Skorupski; Emil Holm, Torbjorn Heggem, Arthur Theate, Rahum Alhassane; Lewis Ferguson, Tommaso Pobega; Federico Bernardeschi, Jens Odegaard, Nicolo Cambiaghi; Roberto Piccoli. Sassuolo: Arijanet Muric; Josh Doig, Fede Leysen, Jay Idzes, Simone Cinquegrano; Luca Lipani, Nemanja Matic, Vasilije Adzic; Armand Lauriente, Kieron Bowie, Cristian Volpato. Baca juga: AS Roma Vs Atalanta: Drama 2 Gol Mepet Akhir Menangkan I Lupi! Video: Aksi Jay Idzes Bantu Kemenangan Sassuolo Atas Torino Video: Aksi Jay Idzes Bantu Kemenangan Sassuolo Atas Torino (bay/nds) sassuolo bologna jay idzes serie a liga italia bologna vs sassuolo"
"Inter Comeback Dramatis Lawan Napoli, Curtis Jones Bangga Jadi Nerazzurri",https://sport.detik.com/sepakbola/liga-italia/d-8650860/inter-comeback-dramatis-lawan-napoli-curtis-jones-bangga-jadi-nerazzurri,"Jakarta - Inter Milan comeback dramatis melawan Napoli. Curtis Jones pertandingan sangat luar biasa dan senang menjadi bagian dari Nerazzurri. Inter menjamu Napoli di Giuseppe Meazza dalam lanjutan Liga Italia, Sabtu (5/9/2026). Pasukan Cristian Chivu menang 3-2. Inter sempat berada dalam situasi sulit setelah tertinggal dua gol. Napoli membuka keunggulan melalui Matteo Politano sebelum Rasmus Hojlund menggandakan skor. Namun, Inter menunjukkan karakter luar biasa dan bangkit untuk membalikkan keadaan. SCROLL TO CONTINUE WITH CONTENT Lautaro Martinez menjadi salah satu pahlawan kemenangan Inter dengan mencetak dua gol, sementara Marcus Thuram turut menyumbangkan satu gol. Gol kedua Lautaro pada menit ke-91 yang memastikan kemenangan dramatis Inter. Baca juga: Inter Vs Napoli: Nerazzurri Comeback, Kalahkan Partenopei 3-2 ADVERTISEMENT Jones, yang ikut tampil pada pertandingan tersebut, mengaku sangat terkesan dengan semangat juang yang diperlihatkan rekan-rekan barunya. Dia adalah pemain anyar musim panas ini yang didatangkan dari Liverpool. ""Saya sangat gembira. Saya sangat bangga menjadi bagian dari tim dan klub seperti ini. Tentu saja ini pertandingan yang sulit, tetapi para pemain tetap berpegang pada rencana permainan. Suporter sangat luar biasa sepanjang pertandingan, dan itulah mengapa kami menang,"" kata Jones yang dikutip dari Goal. Mengenai transisinya menjadi salah satu pilihan pemain lini tengah Chivu, Jones menekankan tidak mengharapkan jaminan mengenai pemilihan sebagai pemain inti meskipun kedatangannya mendapat sorotan besar. ""Tentu saja, saya bergabung dengan tim yang hebat, jadi ini tidak akan mudah. Saya tidak bisa hanya datang ke sini dan berharap untuk bermain di setiap pertandingan; saya juga harus mendapatkan tempat saya,"" tegasnya. Baca juga: Chivu: Stones dan Jones Masih Butuh Adaptasi (ran/krs) curtis jones inter milan napoli liga italia inter milan vs napoli"
Chivu: Inter Vs Napoli Jadi Promosi Terbaik untuk Serie A,https://sport.detik.com/sepakbola/liga-italia/d-8650578/chivu-inter-vs-napoli-jadi-promosi-terbaik-untuk-serie-a,"Milan - Pelatih Inter Milan , Cristian Chivu , menilai laga melawan Napoli begitu menghibur. Kedua tim saling serang dengan Si Ular raih kemenangan comeback . Inter Milan meraih kemenangan 3-2 atas Napoli di Giuseppe Meazza pada laga lanjutan Liga Italia, Minggu (6/9/2026). Kemenangan ini diraih Si Ular lewat comeback yang luar biasa. Si Ular sempat tertinggal dua gol lebih duu akibat torehan dari Matteo Politano dan Rasmus Hojlund. Inter membalikkan situasi dari brace Lautaro Martinez dan gol Marcus Thuram. SCROLL TO CONTINUE WITH CONTENT Kemenangan ini membawa Inter ke puncak klasemen. La Beneamata meraih poin sempurna sembilan dari tiga laga. Baca juga: Inter Vs Napoli: Nerazzurri Comeback, Kalahkan Partenopei 3-2 ADVERTISEMENT Pelatih Inter, Cristian Chivu, menilai laga melawan Napoli begitu menghibur. Baik Inter maupun Napoli sama-sama memburu kemenangan. Duel berjalan terbuka meski Nerazzurri tampil lebih dominan. Hal ini bisa dilihat dari jumlah tembakan kedua tim. Inter total melepas 28 tembakan, sedangkan Napoli bikin 16 percobaan. Chivu turut mengapresiasi Napoli yang mampu menyulitkan Inter di laga ini. Ia mengakui bahwa klub asal Naples tersebut punya pelatih dan pemain yang berkualitas. ""Itu adalah pertandingan yang sangat menarik untuk disaksikan, menghibur, dan menjadi promosi luar biasa bagi sepak bola Italia,"" ujar Chivu dikutip dari Football Italia. ""Saat kedudukan 2-2, kedua tim saling jual-beli serangan. Saya melihat peluang tercipta di kedua sisi lapangan, dan pada akhirnya, kamilah yang merayakan kemenangan karena berhasil mengubah skor menjadi 3-2. Kita harus memberikan apresiasi kepada Napoli karena mereka adalah tim yang kuat, dilatih dengan baik, dan diperkuat oleh pemain-pemain yang bisa menjadi penentu kemenangan,"" jelasnya. Baca juga: Inter Vs Napoli: Chivu Ingin Si Ular Dominasi Laga (pur/rin) inter milan napoli liga italia comeback cristian chivu lautaro martinez"
Milan Vs Juventus: Amorim Tolak Ladeni 'Ledekan' Chivu,https://sport.detik.com/sepakbola/liga-italia/d-8650570/milan-vs-juventus-amorim-tolak-ladeni-ledekan-chivu,"Milan - Ruben Amorim ogah menanggapi komentar Cristian Chivu terkait laga AC Milan vs Juventus . Bagi Amorim, fokusnya cuma membantu Milan kembali kompetitif. Chivu, pelatih Inter Milan, baru-baru ini ditanya mengenai rekor buruk timnya melawan rival-rival langsungnya pada musim lalu. Hal tersebut turut menyeret Milan dan Juventus, sebagai tim besar tradisional Liga Italia. Keduanya akan saling bertarung pada Minggu (6/9). Namun, Chivu justru menjawab bahwa AC Milan dan Juventus bahkan tidak finis empat besar di 2025/2026. Sekadar informasi, Rossoneri finis kelima di atas Juventus sedangkan Inter jadi kampiun dengan keunggulan hampir 20 poin dari mereka. SCROLL TO CONTINUE WITH CONTENT Baca juga: Juventus Vs Milan: Bisa Lanjutkan Start Sempurna, Amorim? ""Dan kemudian apa artinya duel head to head? Menghadapi tim-tim besar tradisional secara umum atau hanya tim yang finis empat besar? Jadi di mana Milan dan Juve, mengingat musim lalu mereka finis jauh di belakang?"" kata juru taktik Inter Milan itu baru-baru ini. ADVERTISEMENT Amorim akan memimpin Milan saat bertandang ke markas Juventus pada Senin (7/9) dinihari WIB. Amorim tak terpengaruh dengan komentar Chivu, karena Milan hanya ingin kembali meraih sukses secepatnya. Baca juga: Inter Mau Kandaskan Napoli, tapi Chivu Kalah Melulu dari Allegri ""Saya hanya fokus pada pertandingan kami. Apa yang saya tahu adalah jika kami menang, kami akan memuncaki liga bersama tim lain. Saya tidak punya apapun lagi untuk dikatakan soal itu,"" lugas Amorim dilansir Milannews. ""Mengenai Chivu, jika kami memerlukan komentar-komentar dia untuk memenangi titel juara di Milan, maka ada sesuatu yang salah dengan kami. Saya tahu ini sulit didengar fans, tapi bagi kami semua yang sayang dengan klub, kami harus mengakui bahwa kami punya banyak pekerjaan untuk dilakukan,"" lanjut allenatore asal Portugal itu. ""Kekhawatir terbesarnya adalah hanya memenangi dua Scudetti dalam 20 tahun. Kami tidak memerlukan komentar-komentar Chivu untuk memotivasi kami. Milan itu kan sebuah klub bersejarah dengan tujuh trofi Liga Champions, tapi dalam 20 tahun, 0 trofi Coppa Italia dan hanya dua Scudetto. Saya tidak peduli dengan omongan Chivu,"" sembur Ruben Amorim . (rin/pur) ruben amorim cristian chivu milan vs juventus ac milan ac milan vs juventus liga italia"
Lautaro Martinez Tertajam Ketiga di Inter,https://sport.detik.com/sepakbola/liga-italia/d-8650571/lautaro-martinez-tertajam-ketiga-di-inter,"Jakarta - Lautaro Martinez gemilang dalam kemenangan Inter Milan . Lautaro menambah pundi-pundi golnya untuk nangkring di posisi tiga daftar pemain tertajam klub di liga. Inter comeback dari ketinggalan dua gol untuk berbalik mengandaskan Napoli 3-2, Sabtu (5/9/2026). Setelah dibobol Matteo Politano dan Rasmus Hojlund di awal babak kedua, Lautaro Martinez menginspirasi kebangkitan Nerazzurri. El Toro dua kali menjebol gawang Napoli, dan satu gol Inter lainnya datang dari Marcus Thuram. Baca juga: Klasemen Liga Italia: AS Roma & Inter Masih Sempurna SCROLL TO CONTINUE WITH CONTENT Tambahan dua gol itu mendongkrak posisi Lautaro Martinez di daftar pencetak gol terbanyak Inter Milan di Liga Italia . Dengan total 133 gol, bomber Argentina itu berbagi posisi tiga dengan Stefano Nyers. Lautaro tinggal berjarak lima gol dari Benito Lorenzo di posisi kedua, tapi masih jauh dari pemain legendaris Inter Giuseppe Meazza, yang mencetak 197 gol. ADVERTISEMENT Selain itu, gol-gol ke gawang Napoli itu jadi momen Lautaro Martinez membuka rekening golnya di Serie A 2026/2027. Pesepakbola berusia 29 tahun itu mejan di dua pertandingan pertama saat menggulung Monza 4-1 dan menang tipis di markas Cagliari 1-0. ""Yang paling penting adalah menemukan performaku, tidak mudah kembali dari sebuah Piala Dunia tanpa pramusim yang cukup,"" ujar dia kepada DAZN Italia. ""Aku senang karena kami bisa melengkapi comeback-nya, kegigihan ini adalah sesuatu yang kurang dari kami pada musim lalu. Di setiap musimnya, kami meningkatkan standar kami dan berupa menerapkannya di atas lapangan,"" cetus Lautaro Martinez . [Gambas:Twitter] (rin/rin) lautaro martinez inter milan inter milan vs napoli liga italia inter vs napoli"
Kemenangan Bersejarah Inter atas Napoli,https://sport.detik.com/sepakbola/liga-italia/d-8650445/kemenangan-bersejarah-inter-atas-napoli,"Milan - Inter Milan tampil sensasional untuk mengalahkan Napoli 3-2 di lanjutan Liga Italia . Inter mengukir sebuah kemenangan bersejarah atas rivalnya itu. Big match Inter vs Napoli dipanggungkan di Stadion Giuseppe Meazza pada Sabtu (5/9/2026). Skor 'kacamata' menandai kedudukan di akhir paruh pertama permainan. Laga jadi menegangkan setelah restart. Partenopei mengejutkan tuan rumah setelah Matteo Politano dan Rasmus Hojlund menjebol gawang Inter, yang dijawal Josep Martinez. SCROLL TO CONTINUE WITH CONTENT Baca juga: Inter Vs Napoli: Nerazzurri Comeback, Kalahkan Partenopei 3-2 Penyerang sekaligus kapten Lautaro Martinez menginspirasi kebangkitan Nerazzurri. Dua gol Lautaro dan satu gol lain dari Marcus Thuram memastikan Inter mengantongi kemenangan ketiga berturut-turut di Serie A musim ini. ADVERTISEMENT Statistik Opta mengemukakan, Inter Milan baru pertama kalinya bisa mengalahkan Napoli di kompetisi liga setelah tertinggal dua gol lebih dulu. Sebagai tambahan, Napoli hanya untuk kali kedua dalam sejarah klub berakhir tumbang usai unggul dua gol. Sebelumnya, klub Naples itu menderita kekalahan 3-5 dari Torino pada 1942 atau lebih dari 80 tahun silam. Baca juga: Inter Vs Napoli: Il Partenopei Pantang Bikin Kesalahan ""Tadi itu adalah sebuah laga yang hebat untuk disaksikan, menghibur, dan sebuah iklan yang fantastis untuk sepakbola Italia,"" ucap pelatih Inter Cristian Chivu dilansir FCInter1908. ""Kami seharusnya bisa mengatasi gol pertama dengan lebih baik, dan kebobolan gol kedua tadi adalah konsekuensi karena terlalu banyak mikir mengenai apa yang keliru dengan kebobolan gol pertama. Tapi saya menyukai reaksinya. Tim tidak kehilangan ketenangan dan menjaga identitas."" Dengan tambahan tiga poin ini, Inter Milan menempati singgasana klasemen Liga Italia dengan sembilan poin hasil tiga pertandingan. Napoli terperosok ke peringkat 13 dengan tiga poin usai dua kali kalah. 1 - Per la prima volta nella sua storia, l' #Inter ha vinto un match di #SerieA contro il #Napoli dopo essere andata in svantaggio di due reti. Ribaltone. #InterNapoli â OptaPaolo (@OptaPaolo) September 5, 2026 (rin/raw) inter milan napoli liga italia inter milan vs napoli inter vs napoli"
Juventus Vs Milan: Spalletti Puji Amorim,https://sport.detik.com/sepakbola/liga-italia/d-8650396/juventus-vs-milan-spalletti-puji-amorim,"Jakarta - Luciano Spalletti melempar pujian ke Ruben Amorim , jelang duel Juventus vs AC Milan . Pelatih veteran itu menyanjung ide dan identitas permainan Rossoneri. Juventus akan menjamu AC Milan , Senin (7/9/2026) dini hari WIB, pada lanjutan Liga Italia . Kedua tim memenangi dua laga pertama masing-masing dan pertemuan ini akan jadi ujian atas laju itu. Baik Juventus dan Milan bisa dikatakan belum menemukan puncak performanya, tapi Spalletti melihat lawan menunjukkan penampilan yang amat menjanjikan sejauh ini. Ia menyoroti dua aspek yang berpotensi jadi ancaman, yakni vertikalitas dan kecepatan transisi. SCROLL TO CONTINUE WITH CONTENT Baca juga: Juventus Vs Milan: Bisa Lanjutkan Start Sempurna, Amorim? Agresivitas ini yang harus diantisipasi Juventus. Ia berharap para pemainnya tak kalah mental dan menyambut Milan dengan berani. ADVERTISEMENT ""Milan punya pelatih dengan ide-ide jelas, yang sudah membangun sebuah skuad tangguh. Ruben Amorim punya rangkaian prinsip taktik yang sangat khas, yang bisa kita apresiasi sejak dia menangani Sporting,"" ungkap Spalletti dikutip Football Italia. Baca juga: Jadwal Liga Italia Pekan Ini: Inter Vs Napoli, Juventus Vs Milan ""Milan itu tim yang bergegas, mereka mengincar umpan-umpan vertikal dan transisi cepat. Itu memaksa Anda menyamakan mesin dengan mereka, sebab kalau tidak ada risiko Anda terlambat menyambut bola."" ""Kalau bisa membaca pergerakan lebih dulu, itu bisa berguna karena agresivitas mereka harus dimanfaatkan melawan mereka dan bukan jadi sumber ketakutan. Ini akan jadi pertandingan yang sangat menarik karena judulnya Juventus vs Milan."" ""Umumnya kami akan mencoba mengambil inisiatif dan menunjukkan hasrat untuk menang."" Baca juga: Terungkap! Ini Alasan Vlahovic Sering Dicadangkan Juventus Video Milan vs Juventus: Duel Ketat Berakhir Tanpa Gol Video Milan vs Juventus: Duel Ketat Berakhir Tanpa Gol (raw/rin) juventus ac milan luciano spalletti ruben amorim liga italia"
Klasemen Liga Italia: AS Roma & Inter Masih Sempurna,https://sport.detik.com/sepakbola/liga-italia/d-8650390/klasemen-liga-italia-as-roma-inter-masih-sempurna,"Jakarta - AS Roma dan Inter Milan masih sempurna di tiga pertandingan Liga Italia . Kedua tim ini masih sempurna dan menguasai puncak klasemen. Roma dan Inter sama-sama memenangi laga pekan ketiga. Menariknya, keduanya juga harus melalui comeback dramatis. Roma kebobolan cepat saat menjamu Atalanta di Olimpico, Mingu (6/9/2026) dini hari WIB. Gol Ederson di awal babak kedua mengejutkan tuan rumah. SCROLL TO CONTINUE WITH CONTENT Baca juga: AS Roma Vs Atalanta: Drama 2 Gol Mepet Akhir Menangkan I Lupi! Roma memecah kebuntuan usai Mario Hermoso menyamakan skor pada menit ke-90. Gol Matias Soule tiga menit kemudian memastikan comeback I Lupi. ADVERTISEMENT Inter malah tertinggal dua gol duluan usai dibobol Matteo Politano dan Rasmus Hojlund. Lautaro Martinez sempat menipiskan selisih, akan tetapi Nerazzurri harus menunggu hingga menit-menit akhir. Marcus Thuram menyamakan kedudukan 2-2 pada menit ke-82. Lautaro mencetak gol kedua di masa injury time sekaligus memenangkan timnya. Baca juga: Inter Vs Napoli: Nerazzurri Comeback, Kalahkan Partenopei 3-2 Roma dan Inter kini mengoleksi sembilan poin dari tiga pertandingan. AC Milan, Juventus, dan Lazio adalah tiga tim yang masih mungkin menyamai perolehan angka tersebut. Klasemen Liga Italia hingga Minggu (6/9) No Tim Main Menang Seri Kalah SG Poin 1 AS Roma 3 3 0 0 +9 9 2 Inter Milan 3 3 0 0 +5 9 3 Como 3 2 1 0 +4 7 4 AC Milan 2 2 0 0 +3 6 5 Juventus 2 2 0 0 +3 6 6 Lazio 2 2 0 0 +2 6 7 Atalanta 3 2 0 1 +1 6 8 Udinese 2 1 1 0 +1 4 9 Frosinone 2 1 0 1 +2 3 10 Sassuolo 2 1 0 1 0 3 11 Cagliari 2 1 0 1 0 3 12 Lecce 2 1 0 1 -2 3 13 Napoli 3 1 0 2 0 3 14 Torino 3 1 0 2 -1 3 15 Bologna 2 0 0 2 -2 0 16 Parma 2 0 0 2 -3 0 17 Monza 2 0 0 2 -4 0 18 Venezia 2 0 0 2 -4 0 19 Genoa 3 0 0 3 -6 0 20 Fiorentina 3 0 0 3 -8 0 Video: Calhanoglu Bikin Gol Spektakuler! Inter Hajar AS Roma 5-2 Video: Calhanoglu Bikin Gol Spektakuler! Inter Hajar AS Roma 5-2 (raw/pur) as roma liga italia inter milan klasemen liga italia ac milan juventus"
AS Roma Vs Atalanta: Drama 2 Gol Mepet Akhir Menangkan I Lupi!,https://sport.detik.com/sepakbola/liga-italia/d-8650348/as-roma-vs-atalanta-drama-2-gol-mepet-akhir-menangkan-i-lupi,"Jakarta - AS Roma mencatatkan comeback dramatis saat menjamu Atalanta . Dua gol menit ke-89 dan 93 memenangkan I Lupi 2-1. AS Roma menjamu Atalanta dalam lanjutan Serie A di Olimpico Stadium, Minggu (6/9/2026) dini hari WIB. Kedua tim datang dengan sama-sama memenangi dua laga pertama. Roma menegaskan dominasinya sejak sepak mula. Tapi peluang demi peluang gagal dimaksimalkan pada babak pertama. SCROLL TO CONTINUE WITH CONTENT Terus menekan, tuan rumah malah kecolongan oleh Ederson di awal babak kedua. Roma terus menekan dan gol baru didapat pada menit ke-89 melalui Mario Hermoso. Roma membalikkan keadaan dengan gol Matias Soule empat menit kemudian. Tim besutan Gian Piero Gasperini pun masih sempurna di tiga laga pertama. ADVERTISEMENT Mereka memimpin klasemen dengan sembilan poin. Sementara Atalanta menelan kekalahan pertama dan tertahan di posisi tujuh dengan enam poin. Baca juga: Inter Vs Napoli: Nerazzurri Comeback, Kalahkan Partenopei 3-2 Jalannya Pertandingan Tuan rumah coba mendominasi sejak awal. Paulo Dybala coba menembak pada menit ketiga dan masih berakhir tipis di kanan gawang. Gantian Gianluca Mancini punya kesempatan pada menit ke-17. Tandukannya menyambut umpan silang dihalau kiper Marco Carnesecchi. Roma sempat menjebol gawang Atalanta pada menit ke-21 melalui Evan Ndicka. Akan tetapi gol ini dianulir karena offside. Setelah percobaan dari Rodrigo Mora melenceng, peluang Dybala digagalkan kiper dari jarak dekat. Babak pertama berakhir tanpa gol. GOL! Dalam tekanan sepanjang babak pertama, Atalanta malah memimpin pada menit pertama paruh kedua. Charles De Ketelaere menusuk di kiri dan operannya diterima Nikola Krstovic. Baca juga: Roma 'Rasa' Argentina Upaya Krstovic diblok. Tapi Ederson di posisi tepat untuk menyambar bola liar dan menempatkan bola ke gawang. Tembakan Lazar Samardzic pada menit ke-56 berakhir di samping gawang Roma. Roma gantian mengancam pada menit ke-72 dengan sundulan Matias Soule, yang ditepis oleh Carnesecchi. Sebuah sundulan dari Santiago Castro hanya menerpa mistar gawang. Roma lanjut menekan, kali ini upaya Dybala yang melesat ke atas. GOL! Tekanan Roma membuahkan hasil pada menit ke-90. Dari korner, umpan lambung Soule ditanduk Mario Hermoso yang tak terkawal ke pojok kanan gawang. GOL! Roma membalikkan kedudukan pada menit ke-93. Soule menerima umpan dari Dybala di kanan, merangsek ke tengah, dan mengarahkan bola ke tiang dekat yang menaklukkan Carnesecchi. Gol ini memastikan kemenangan Roma. Baca juga: Juventus Vs Milan: Bisa Lanjutkan Start Sempurna, Amorim? Susunan pemain Roma: Svilar; Mancini (Ghilardi 63'), Ndicka (Balerdi 67'), Hermoso; Lulli (Molina 54'), KonÃ©, Cristante, Wesley; Dybala, Mora (Soule 54'); Malen (Castro 63') Atalanta: Carnesecchi; Bellanova, Kossounou, Scalvini, Kolasinac (Zappacosta 72'); Samardzic (Pasalic 66'), Gaetano, Ederson (Kessie 79'); De Ketelaere, Scamacca, Elmas (Zalewski 66') Video: Calhanoglu Bikin Gol Spektakuler! Inter Hajar AS Roma 5-2 Video: Calhanoglu Bikin Gol Spektakuler! Inter Hajar AS Roma 5-2 (raw/pur) as roma atalanta serie a matias soule mario hermoso gian piero gasperini"
"Inter Vs Napoli: Nerazzurri Comeback, Kalahkan Partenopei 3-2",https://sport.detik.com/sepakbola/liga-italia/d-8650323/inter-vs-napoli-nerazzurri-comeback-kalahkan-partenopei-3-2,"Milan - Inter Milan melanjutkan tren kemenangan usai mengalahkan Napoli 3-2. Inter comeback dari ketinggalan dua gol, sebelum menang lewat gol di menit akhir. Pertandingan Liga Italia antara Inter vs Napoli berlangsung di Stadion Giuseppe Meazza pada Sabtu (6/9/2026). Lautaro Martinez menginspirasi kebangkitan Nerazzurri dengan menyumbang sepasang gol. Kedua tim bermain imbang tanpa gol di paruh pertama permainan. Partenopei mengejutkan usai mencetak dua gol lebih dulu dari Matteo Politano dan Rasmus Hojlind usai restart. SCROLL TO CONTINUE WITH CONTENT Comeback Inter dimulai usai Lautaro mencetak gol balasan sebelum permainan genap sejam. Marcus Thuram menyeimbangkan laga, sebelum gol Lautaro di injury time memastikan Inter meraup angka penuh. Inter Milan berhak memuncaki klasemen sementara Liga Italia dengan perolehan sembilan poin dari tiga laga pertama. Napoli menderita kekalahan back to back sehingga terlempar ke urutan 11 dengan tiga poin. ADVERTISEMENT Jalannya Pertandingan Inter langsung menebar ancaman saat laga belum genap dua menit. Andy Diouf memperoleh ruang di tepi kotak penalti, sepakan kerasnya memaksa Alex Meret melakukan penyelamatan bagus. Baca juga: Jadwal Liga Italia Pekan Ini: Inter Vs Napoli, Juventus Vs Milan Napoli merespons. Serbuan dari sayap kiri, umpan silang Alisson Santos disontek Andre Frank Anguissa yang berhasil ditangkis Josep Martinez. Kiper Inter Milan ini kemudian menghalau tembakan Politano di dekat tiang gawang. Inter menyerang lagi, umpan lambung Diouf diteruskan Pio Esposito dengan sundulan meski bola mengarah tepat ke Meret. Napoli membalas dengan umpan panjang ke depan,tapi Martinez buru-buru keluar dari gawangnya untuk melakukan sapuan. Serangan Inter yang dimotori Federico Dimarco kandas lagi. Umpan silang Dimaro dari sayap kiri, menemui Esposito. Sundulan Esposito ke arah tiang dekat, masih melenceng. Yann Bisseck melakukan tusukan ke kotak penalti dari sisi kanan, sebelum melepaskan tembakan. Bola meluncur ke sudut atas gawang, meski masih melambung. Peluang bagus dari Napoli. Sepak pojok dari sayap kanan menemui Hojlund, tapi sontekannya di dekat tiang terlalu lemah. Alhasil, Josep Martinez mudah menangkap bola. Inter langsung membalas, Dimarco mengontrol bola panjang ke depan. Umpan terobosan Lautaro Martinez dipotong Giovanni Di Lorenzo, bola dikuasai Lautaro lagi sebelum ditembakkan ke arah tiang dekat. Penyelamatan bagus Meret. Inter semakin dekat dengan gol pembuka. Dalam sebuah situasi set piece di depan kotak penalti, eksekusi Dimarco melewati pagar hidup lalu menghantam mistar gawang Napoli. Skor 0-0 bertahan sampai akhir babak pertama. Kebuntuan terpecah setelah restart. Di menit ke-50, Politano membuka keunggulan Napoli 1-0 atas Inter. Inter kehilangan bola di area pertahanannya sendiri, Alisson Santos melepaskan tembakan yang ditepis Martinez. Nicolo Barella turun ke kotak penalti ntuk memblok upaya Politano. Bola rebound kembali ke jalur Politano sebelum diselesaikan dengan tembakan mendatar. Napoli cuma butuh tiga menit untuk memperbesar skornya 2-0. Skema serangan balik menghasilkan kemelut di dalam gawang Inter. Bola liar bergulir ke jalur Hojlund di dalam kotak penalti. Hojlund menuntaskan dengan tembakan terarah yang tak mampu dijangkau Martinez. Baca juga: Misi Inter Akhiri Puasa Kemenangan Lawan Napoli Inter belum tamat. Di menit ke-57, Lautaro Martinez mencetak gol balasan Inter untuk menipiskan skor 1-2. Umpan lambung Piotr Zielinski diterima Dimarco di sisi kiri kotak penalti. Umpan tarik Dimarco diakhiri Lautaro dengan sontekan dari dalam kotak 6 yard. Inter hampir mencetak gol keduanya. Sundulan Marcus Thuram menyambut crossing mengenai mistar gawang. Di menit ke-82, Thuram akhirnya mencetak gol, yang membawa Inter menyeimbangkan kedudukan 2-2. Serangan dari sayap kiri Inter dipatahkan. Bola dikuasai Carlo Augusto yang kemudian mengirim umpan lambung, Thuram menerima umpan itu lalu membobol gawang Napoli dengan sundulan keras. Kedua tim saling menciptakan peluang untuk menambah golnya. Namun, Inter yang berhasil melakukannya di injury time. Umpan lambung menciptakan kemelut di dalam kotak penalti Napoli, Lautaro meneruskan sodoran Akanji dengan sontekan dari depan mulut gawang. Inter berbalik mengungguli Napoli 3-2, skor yang bertahan sampai laga selesai. Susunan Pemain INTER MILAN : Josep Martinez, Yann Bisseck, Bastoni (Bonny 80'), Akanji, Andy Diouf, Barella, Zielinski (Calhanoglu 72'), Petar Sucic (Curtis Jones 46'), Dimarco (Carlos Augusto 62'), Pio Esposito (Marcus Thuram 46'), Lautaro Martinez NAPOLI : Alex Meret, Spinazzola, Rafa Marin, Amir Rrahmadni, Giovanni Di Lorenzo, Andre Frank Anguissa, Lobotka, Antonio Vergara (De Bruyne 62'), Hojlund (Lucca 72'), Alisson Santos, Politano (David Neres 62') Video: Real Madrid Menang 2-1 dari Inter Milan, Mbappe Cetak Gol Video: Real Madrid Menang 2-1 dari Inter Milan, Mbappe Cetak Gol (rin/pur) inter milan napoli inter vs napoli inter milan vs napoli liga italia liga italia 2026/2027"
Curhat Hojlund: Didepak MU Tak Diinginkan Milan,https://sport.detik.com/sepakbola/liga-italia/d-8649581/curhat-hojlund-didepak-mu-tak-diinginkan-milan,"Jakarta - Rasmus Hojlund curhat ketika awal-awal memutuskan gabung ke Napoli. Itu setelah MU mendepaknya dan Milan tidak menginginkannya. Rasmus Hojlund dipinjamkan Manchester United ke Napoli sepanjang musim 2025/26. Kemudian, Napoli mempermanenkannya sebesar 44 juta Euro atau setara Rp 901 miliar. Baca juga: Rasmus Hojlund Masih Terus 'Sindir' Amorim dan MU SCROLL TO CONTINUE WITH CONTENT Dilansir dari La Gazzetta dello Sport, Rasmus Hojlund mengaku didepak Manchester United. Hojlund tidak masuk dalam bagian rencana klub. ""Saya saat itu berada di posisi sulit di Manchester United. Saya sudah tidak dibutuhkan,"" ungkap Hojlund. ADVERTISEMENT Hojlund tidak mau tenggelam dalam kekecewaan. Sang striker lantas bergegas untuk pindah. Tawaran dari Italia langsung datang. Itu adalah AC Milan dan Napoli. ""Apakah Rossoneri menginginkan saya? Tidak juga. Saya sempat berbicara dengan pihak klub dan menjajaki berbagai peluang. Milan tentu memiliki sejarah yang gemilang, namun begitu mendengar bahwa Napoli menginginkan saya dan Conte menelepon, saya tidak ragu sedikit pun,"" paparnya. Baca juga: Duh! Scott McTominay Harus Jalani Operasi Jantung Rasmus Hojlund langsung tampil apik di Napoli. 16 Gol dan delapan assist dikemasnya dari 44 laga di seluruh kompetisi. Titel Piala Super Italia diraihnya. ""Datang ke Napoli adalah hal positif. Saya berkembang baik,"" tutupnya. (aff/cas) rasmus hojlund napoli manchester united ac milan"
Inter Vs Napoli: Chivu Ingin Si Ular Dominasi Laga,https://sport.detik.com/sepakbola/liga-italia/d-8649265/inter-vs-napoli-chivu-ingin-si-ular-dominasi-laga,"Milan - Pelatih Inter Milan , Cristian Chivu , ingin timnya mendominasi laga saat hadapi Napoli . Si Ular tak boleh membiarkan Napoli mendikte laga. Inter vs Napoli pada laga pekan ketiga Liga Italia bakal tersaji di Giuseppe Meazza, Sabtu (5/9/2026). Si Ular bertekad melanjutkan laju kemenang di laga ini. Nerazzurri membuka musim ini dengan dua kemenangan melawan Monza dan Cagliari. Hasil tersebut membuat mereka berada di urutan kedua dengan enam angka. Poin Inter sama dengan AS Roma di puncak klasemen. SCROLL TO CONTINUE WITH CONTENT Namun, misi tersebut takkan mudah untuk Inter. La Beneamata punya rekor buruk saat melawan Napoli. Mereka tak pernah menang dalam lima pertemuan terakhir. Selain itu, rekor adu taktik antara pelatih kedua tim juga berpihak ke kubu Napoli. Pelatih Inter Cristian Chivu belum pernah mengalahkan juru taktik Napoli, Massimiliano Allegri. ADVERTISEMENT Baca juga: Inter Mau Kandaskan Napoli, tapi Chivu Kalah Melulu dari Allegri Chivu dan Allegri tercatat baru dua kali berjumpa yang terjadi pada musim lalu. Allegri kala itu masih menukangi AC Milan. Allegri mampu membawa Milan dua kali mengalahkan Inter yang dibesut Chivu dengan skor serupa 1-0 dalam Derby della Madonina. Chivu belajar dari kekalahan dari Allegri di musim lalu. Ia kini sudah tahu gaya bermain dari Allegri. Pelatih asal Rumania ini tak akan membiarkan Napoli di bawah asuhan Allegri memegang kendali laga. Chivu bakal berusaha membawa Inter mendominasi laga. 'Kita harus menjadi diri sendiri' Chivu juga menekankan bahwa Inter harus mempertahankan jati diri mereka saat menghadapi Napoli asuhan Allegri, alih-alih membiarkan lawan mendikte jalannya pertandingan,"" ujar Chivu dikutip dari Football Italia. ""Kita harus menjadi diri sendiri. Tekad, keberanian, dan hasrat untuk mendominasi permainan tidak boleh hilang. Tim ini memiliki identitas yang sangat jelas mengenai jati diri yang ingin mereka tampilkan,"" jelasnya. Baca juga: Mourinho: Julian Alvarez? Kalau Pemain Tak Puas di Klubnya... Video: Momen Inter Milan Rayakan Scudetto-Copa Italia Video: Momen Inter Milan Rayakan Scudetto-Copa Italia (pur/ran) inter milan napoli liga italia cristian chivu massimiliano allegri giuseppe meazza"
Inter Vs Napoli: Il Partenopei Pantang Bikin Kesalahan,https://sport.detik.com/sepakbola/liga-italia/d-8649245/inter-vs-napoli-il-partenopei-pantang-bikin-kesalahan,"Milan - Pelatih Napoli , Massimiliano Allegri , menilai laga melawan Inter Milan bakal berat. Maka dari itu, Il Partenopei tak boleh bikin kesalahan di laga ini. Inter vs Napoli pada laga pekan ketiga Liga Italia bakal tersaji di Giuseppe Meazza, Sabtu (5/9/2026). Kedua tim finis teratas di Liga Italia musim lalu. Si Ular jadi juara sementara Il Partenopei jadi runner-up di Serie A 2025/2026. Hal tersebut bikin laga ini diprediksi bakal berlangsung sengit. SCROLL TO CONTINUE WITH CONTENT Inter tapi lebih diunggulkan untuk meraih tiga angka. Pasalnya, mereka bermain di kandang, Selain itu, Inter juga memulai musim ini dengan hasil yang lebih baik dari Napoli. Inter meraih hasil sempurna di dua laga awal usai kalahkan Monza 4-1 dan Cagliari 1-0. Nerazzurri berada di posisi kedua di bawah AS Roma di puncak dengan poin yang sama yaitu enam poin. ADVERTISEMENT Baca juga: Inter Mau Kandaskan Napoli, tapi Chivu Kalah Melulu dari Allegri Napoli sekali menang dan sekali kalah di awal musim ini. Mereka menang atas Genoa 2-0 tapi kemudian kalah 1-2 dari Como. Napoli di urutan ke-10 dengan tiga angka. Pelatih Napoli Massimiliano Allegri, menilai laga melawan Inter bakal sulit. Mengingat, La Beneamata merupakan favorit utama juara Serie A musim ini. Apalagi, Inter bakal bermain di Giuseppe Meazza. Allegri tahu betul atmosfer dari kandang Inter karena pernah melatih AC Milan. Ia sudah merasakan panasnya Derby Milan di stadion tersebut. Maka dari itu, Allegri menegaskan Napoli tak boleh bikin kesalahan saat melawan Inter demi bisa membawa pulang poin. ""Bermain di stadion ini selalu luar biasa, dan duel antara Inter serta Napoli selalu sengit. Kami membutuhkan performa yang apik dengan meminimalkan kesalahan teknis, karena kesalahan semacam itu bisa berakibat fatal,"" ungkap Allegri dikutip dari Football Italia. ""Inter adalah favorit utama juara Scudetto. Kami harus lebih waspada, mengingat kami kebobolan dua gol yang sebenarnya bisa dihindari saat melawan Como. Pertandingan antar-tim papan atas selalu sulit untuk dimenangkan,"" jelasnya. Baca juga: Lautaro Martinez Benarkan Rumor Barcelona Video: Inter Milan Juara Liga Italia 2025/2026 Video: Inter Milan Juara Liga Italia 2025/2026 (pur/yna) inter milan napoli massimiliano allegri liga italia serie a giuseppe meazza"
"Inter Mau Kandaskan Napoli, tapi Chivu Kalah Melulu dari Allegri",https://sport.detik.com/sepakbola/liga-italia/d-8648844/inter-mau-kandaskan-napoli-tapi-chivu-kalah-melulu-dari-allegri,"Jakarta - Inter Milan bertekad menyudahi tren gagal menang melawan Napoli . Namun, misi menang Inter dibayangi rekor buruk Cristian Chivu atas Massimiliano Allegri . Big match antara Inter vs Napoli akan dipanggungkan di Giuseppe Meazza, Sabtu (5/9/2026). Nerazzurri menempati peringkat kedua klasemen Liga Italia dengan enam poin dari dua laga, sedangkan Partenopei kesepuluh dengan tiga poin usai sekali kalah. Baca juga: Jadwal Liga Italia Pekan Ini: Inter Vs Napoli, Juventus Vs Milan SCROLL TO CONTINUE WITH CONTENT Napoli akan jadi tantangan bagi Inter untuk terus berada di papan atas. Pasalnya, Inter selalu gagal mengalahkan Napoli dalam lima pertemuan terakhir di Serie A. Terakhir kalinya Lautaro Martinez dkk menang pada Desember 2023 dengan skor 3-0. Selain itu, Inter Milan kurang didukung terkait faktor pelatih. Pelatih Inter Cristian Chivu belum pernah mengalahkan juru taktik Napoli, Massimiliano Allegri . ADVERTISEMENT Baca juga: Misi Inter Akhiri Puasa Kemenangan Lawan Napoli Mereka tercatat baru dua kali berjumpa, yang seluruhnya terjadi di 2025/2026, ketika Allegri masih menukangi AC Milan. Hasilnya, Allegri mempecundangi Chivu dan Inter-nya masing-masing dengan skor tipis 1-0. ""Mereka itu adalah sebuah tim yang tangguh, mereka finis kedua di musim lalu. Mereka itu lawan yang tidak bisa kami kalahkan dalam beberapa pertandingan: kami akan mencoba tampil dan membawa pulang tiga poin, itu krusial,"" kata bek kiri Inter Federico Dimarco baru-baru ini. Video: Mourinho Memang Benar-benar 'Special One' Buat Chivu Video: Mourinho Memang Benar-benar 'Special One' Buat Chivu (rin/aff) cristian chivu massimiliano allegri liga italia inter milan napoli inter vs napoli inter milan vs ac milan"
Terungkap! Ini Alasan Vlahovic Sering Dicadangkan Juventus,https://sport.detik.com/sepakbola/liga-italia/d-8648277/terungkap-ini-alasan-vlahovic-sering-dicadangkan-juventus,"Istanbul - Sebelum pindah ke Besiktas, Dusan Vlahovic menjalani musim lalu yang sulit di Juventus . Vlahovic terlalu sering dibangkucadangkan. Vlahovic bergabung Besiktas secara gratis setelah menghabiskan empat musim dengan Juve. Karier Vlahovic di Turin sendiri tak bisa dibilang cemerlang usai mengemas 68 gol dan 16 assist dalam 168 penampilan. Performanya dianggap tak memenuhi ekspektasi mengingat tebusannya mencapai 80 juta euro. Sementara itu, di musim terakhirnya, 2025/2026, Vlahovic hanya bermain di 23 pertandingan Juventus karena bergulat dengan cedera otot. Vlahovic tercatat cuma 13 kali jadi starter dan 10 kali jadi cadangan. Selain itu, kedatangan Lois Openda dan Jonathan David membuat persaingan di lini depan Juve kian kompetitif bagi Dusan Vlahovic. SCROLL TO CONTINUE WITH CONTENT Baca juga: Pesan Perpisahan Vlahovic untuk Juventus Vlahovic langsung moncer bersama Besiktas usai menyumbang tiga gol dalam dua penampilan di Liga Turki. Penyerang berusia 26 tahun itu mengatakan, alasan dia dicadangkan melulu pada musim lalu terkait kontraknya. Lebih lanjut, Vlahovic menyangkal rumor terkait tuntutan gaji dalam negosiasi kontrak dengan Juventus yang akhirnya tidak terjalin. ADVERTISEMENT ""Ditulis bahwa aku menetapkan beberapa syarat untuk kontrak baru dengan Juventus , tapi kebanyakan tidak benar,"" cetus bomber Serbia itu dikutip Sky Sport Italia. Baca juga: Juventus Tambah Amunisi Striker, Woltemade Diboyong dari Newcastle ""Musim lalu memang sulit. Aku memulai dari bangku cadangan karena sebuah alasan yang terkenal: Aku memasuki tahun terakhir di kontrakku. Menurut pendapatku, itu adalah satu-satunya alasan aku memulai musim dari bangku cadangan."" ""Tentu saja ada dua striker baru yang datang, tapi aku toh menerima peran itu karena aku memutuskan untuk pergi ke arah itu,"" lanjut Dusan Vlahovic . ""Selama tiga tahun, di mana setiap hari ada omongan dan penegasan tentang kontrak baru dengan Juventus, aku tidak pernah melakukan pembahasan nyata dengan manajemen klub. Ini kenyataannya,"" dia mengatakan. Video: Dusan Vlahovic Resmi Gabung Besiktas, Dikontrak 3 Tahun Video: Dusan Vlahovic Resmi Gabung Besiktas, Dikontrak 3 Tahun (rin/aff) dusan vlahovic juventus"
"Juventus Vs Milan: Bisa Lanjutkan Start Sempurna, Amorim?",https://sport.detik.com/sepakbola/liga-italia/d-8648039/juventus-vs-milan-bisa-lanjutkan-start-sempurna-amorim,"Jakarta - Ruben Amorim sejauh ini mencatat start sempurna bersama AC Milan di Serie A. Amorim selanjutnya akan menghadapi ujian dari Juventus . Laga Juventus vs Milan akan memanaskan giornata ketiga Serie A 2026/27. Pertandingan akan digelar di Allianz Stadium, Senin (7/9/2026) dini hari WIB. Milan mengawali Serie A musim ini dengan positif bersama Amorim. Rossoneri berturut-turut mencatat kemenangan atas Torino dan Venezia. SCROLL TO CONTINUE WITH CONTENT Baca juga: Milan Rekrut Hutchinson Gantikan Leao yang Hengkang ke Turki Jika bisa membawa Milan meraih tiga poin di kandang Juventus, Amorim akan mencatatkan torehan spesial. Ia akan menjadi pelatih pertama Milan yang meraih kemenangan di tiga laga pertama Serie A sejak 1958. ADVERTISEMENT Jika bisa mewujudkannya, Amorim akan melewati catatan sejumlah pelatih legendaris Milan. Arrigo Sacchi, Fabio Capello, dan Carlo Ancelotti bahkan tidak pernah memenangi tiga pertandingan pertamanya saat menangani Milan. Juventus yang akan jadi lawan akan jadi ujian berat untuk Milan dan Amorim. Bianconeri juga mencatat start sempurna dengan kemenangan atas Frosinone dan Parma. Menilik catatan head to head, Milan juga sedang sulit mengalahkan Juventus di Serie A. Milan tidak pernah menang dalam enam pertemuan terakhir dengan Juventus di Serie A, dengan kemenangan terakhir diraih pada Mei 2023. Baca juga: Start Sip Amorim di AC Milan Video Milan vs Juventus: Duel Ketat Berakhir Tanpa Gol Video Milan vs Juventus: Duel Ketat Berakhir Tanpa Gol (nds/raw) ruben amorim ac milan juventus serie a juventus vs milan"
"Jadwal Liga Italia Pekan Ini: Inter Vs Napoli, Juventus Vs Milan",https://sport.detik.com/sepakbola/liga-italia/d-8647741/jadwal-liga-italia-pekan-ini-inter-vs-napoli-juventus-vs-milan,"Jakarta - Big match akan mewarnai Serie A akhir pekan ini. Menilik jadwal Liga Italia , Inter Milan akan menghadapi Napoli , sedangkan Juventus menantang AC Milan . Inter sang juara bertahan akan menjamu Napoli di Giuseppe Meazza. Laga Inter vs Napoli akan kick-off pada Sabtu (5/9/2026) pukul 23.00 WIB. Inter mengawali Serie A 2026/27 dengan kemenangan di dua laga pertamanya. Usai menang 4-1 atas Monza di laga pembuka, Nerazzurri membawa pulang tiga poin dari kandang Cagliari. SCROLL TO CONTINUE WITH CONTENT Sementara itu, Napoli pekan lalu tumbang di tangan Como. Bermain di kandang sendiri, pasukan Massimiliano Allegri itu kalah 1-2. Baca juga: Misi Inter Akhiri Puasa Kemenangan Lawan Napoli ADVERTISEMENT Menilik catatan head to head, duel antara Inter dan Napoli kerap berjalan alot. Tercatat ada empat hasil imbang dalam lima pertemuan terakhir di Serie A. Duel seru juga akan tersaji di Turin. Juventus akan menjamu AC Milan di Allianz Stadium, Senin (7/9/2026) dini hari WIB. Milan mencatat start positif bersama Ruben Amorim. Rossoneri berturut-turut menang atas Torino dan Venezia. Baca juga: Modric Berharap Bisa Kembali ke Real Madrid Dari pertandingan lainnya, AS Roma akan mendapat ujian dari Atalanta, Minggu (6/9/2026) dini hari WIB. Atalanta dalam beberapa tahun terakhir menjadi tim yang sulit dikalahkan oleh Roma. Roma tidak pernah menang atas Atalanta dalam delapan pertemuan terakhir di Serie A. Terakhir kali I Lupi menang atas Atalanta adalah pada Maret 2022. Roma sejauh ini mencatat start yang meyakinkan di Serie A 2026/27. Paulo Dybala dkk. berturut-turut menang 4-0 dalam dua pertandingan pertamanya. Baca juga: Roma Start Apik di Serie A, Gasperini Belum Pasang Target Tinggi Jadwal Liga Italia Sabtu (5/9/2026) 01.45 WIB Genoa vs Como 20.00 WIB Fiorentina vs Torino 23.00 WIB Inter Milan vs Napoli Minggu (6/9/2026) 01.45 WIB AS Roma vs Atalanta 20.00 WIB Frosinone vs Venezia 20.00 WIB Parma vs Monza 23.00 WIB Bologna vs Sassuolo Senin (7/9/2026) 01.45 WIB Juventus vs AC Milan 23.30 WIB Cagliari vs Lecce Selasa (8/9/2026) 01.45 WIB Udinese vs Lazio Baca juga: Allegri: Ada 8 Kandidat Juara Liga Italia Video: Inter Milan Juara Liga Italia 2025/2026 Video: Inter Milan Juara Liga Italia 2025/2026 (nds/pur) liga italia serie a inter milan napoli juventus ac milan jadwal liga italia inter vs napoli juventus vs milan"
Spalletti Minta Woltemade Pertajam Penyelesaian Akhir,https://sport.detik.com/sepakbola/liga-italia/d-8647735/spalletti-minta-woltemade-pertajam-penyelesaian-akhir,"Turin - Luciano Spalletti menilai Nick Woltemade penyerang punya teknik dan pemahaman taktik yang bagus. Menurutnya, Woltemade harus mempertajam penyelesaian akhirnya. Juventus merekrut Nick Woltemade pada bursa transfer musim panas ini. Penyerang asal Jerman ini didatangkan dengan status pinjaman dari Newcastle United. Si Nyonya Tua akan membayar biaya pinjaman sebesar 2,8 juta Euro dengan bonus hingga 500 ribu Euro dan biaya tambahan sebesar 800 ribu Euro. SCROLL TO CONTINUE WITH CONTENT Woltemade diharapkan bisa jadi tumpuan di lini depan Juventus. Mengingat, Bianconeri kehilangan Jonathan David, Lois Openda, dan Dusan Vlahovic pada musim panas ini. Pelatin Juventus, Luciano Spalletti, yakin Woltemade bisa jadi ujung tombak yang diandalkan timnya. Penyerang 24 tahun ini bikin 11 gol dan enam assist bersama Newcastle di musim lalu. ADVERTISEMENT Baca juga: Nick Woltemade: Saya Pemain Cerdas, Bisa Banyak Hal Spalletti menilai Woltemade punya kemampuan yang sangat baik untuk bekerja sama rekannya. Selain itu, Woltermade punya teknik yang sangat bagus. Mantan pelatih Napoli ini merasa Woltemade cuma perlu mempertajam penyelesaian akhirnya untuk jadi penyerang yang menakutkan. ""Dia memadukan dua dunia dalam cara bermainnya. Dia sangat piawai dalam membangun kerja sama dengan tim, memiliki teknik yang bagus, paham betul soal sepak bola, serta mampu terlibat dalam permainan operan di sepertiga akhir lapangan sebelum kemudian masuk ke ruang kosong,"" ujar Spalletti dikutip dari Football Italia. ""Soal kemampuan menyundul dan penyelesaian akhir, suka atau tidak, dia harus benar-benar belajar. Sejak saya mengenalnya, dia selalu tampak tersenyum; dia sangat senang bisa berada di sini,"" jelasnya. Baca juga: Juventus Tambah Amunisi Striker, Woltemade Diboyong dari Newcastle Video: Arsenal Dilaporkan Sepakat Tebus Bruno Guimaraes 75 Juta Euro Video: Arsenal Dilaporkan Sepakat Tebus Bruno Guimaraes 75 Juta Euro (pur/nds) nick woltemade luciano spalletti juventus newcastle united transfer pemain sepak bola italia"
Misi Inter Akhiri Puasa Kemenangan Lawan Napoli,https://sport.detik.com/sepakbola/liga-italia/d-8646605/misi-inter-akhiri-puasa-kemenangan-lawan-napoli,"Milan - Start bagus Inter Milan akan diuji Napoli pada akhir pekan ini. Napoli terbukti menyulitkan si juara bertahan dalam beberapa tahun terakhir. Pertandingan Liga Italia antara Inter vs Napoli akan berlangsung di Stadion Giuseppe Meazza pada Sabtu (5/9/2026) malam WIB. Nerazzurri memenangi dua pertandingan pertamanya, sedangkan Napoli agak tersendat usai sekali menang dan sekali kalah. Baca juga: Lautaro Martinez Benarkan Rumor Barcelona SCROLL TO CONTINUE WITH CONTENT Inter butuh kemenangan untuk menjaga momentum positif sekaligus modal berharga untuk menantang Real Madrid di Liga Champions, tengah pekan depan. Sementara itu, Napoli pun wajib bangkit agar tak tertinggal dengan rival-rivalnya dalam persaingan Serie A, juga menjaga kepercayaan diri untuk menjamu Arsenal. Membandingkan start kedua tim, Inter Milan akan diunggulkan untuk mengatasi Partenopei. Namun, head to head memperlihatkan bahwa La Beneamata justru sedikit inferior. ADVERTISEMENT Dalam lima duel kontra Napoli di kompetisi ini, Inter empat kali tertahan dan sekali kalah. Terakhir kali Inter mempermalukan Napoli 3-0 di kandangnya sendiri pada Desember 2023. Baca juga: McTominay: Napoli Pernah Kalahkan Inter, Bisa Menang Lagi ""Mereka itu adalah sebuah tim yang tangguh, mereka finis kedua di musim lalu,"" kata bek kiri Inter Federico Dimarco dikutip Sky Sport Italia. ""Mereka itu lawan yang tidak bisa kami kalahkan dalam beberapa pertandingan: kami akan mencoba tampil dan membawa pulang tiga poin, itu krusial,"" dia menyimpulkan jelang Inter Milan vs Napoli . Video: Momen Inter Milan Rayakan Scudetto-Copa Italia Video: Momen Inter Milan Rayakan Scudetto-Copa Italia (rin/yna) inter milan napoli liga italia inter milan vs napoli inter vs napoli"
Dimarco Akui Belum Ada Pembicaraan soal Kontrak Baru,https://sport.detik.com/sepakbola/liga-italia/d-8646258/dimarco-akui-belum-ada-pembicaraan-soal-kontrak-baru,"Milan - Bek kiri Inter Milan Federico Dimarco tinggal memiliki setahun di kontraknya. Dimarco mengakui, pembicaraan mengenai kontrak baru belum dilakukan. Masa tinggal pemain internasional Italia itu akan berakhir pada musim panas 2027. Sementara itu, Dimarco jadi salah satu pemin kunci Nerazzurri dalam lima musim terakhir. Baca juga: McTominay: Napoli Pernah Kalahkan Inter, Bisa Menang Lagi SCROLL TO CONTINUE WITH CONTENT Secara keseluruhan, Dimarco telah membuat 238 penampilan untuk Inter Milan di seluruh kompetisi. Sebanyak 26 gol dan 52 assist diciptakan Dimarco, yang turut membantu timnya memenangi dua Scudetto, tiga Coppa Italia, dan dua kali ke final Liga Champions. Federico Dimarco tampil sensasional di musim lalu ketika mengemas tujuh gol dan 18 assist dalam 47 penampilan. Sebanyak 17 assist diceploskan Dimarco di Liga Italia saja, yang menjadi rekor dalam semusim kompetisi. ADVERTISEMENT Performa Dimarco ini disebut-sebut sempat membuat Barcelona tertarik di bursa musim panas. Dimarco pada prosesnya tidak ke mana-mana, dan mengenai kontrak baru dia cukup santai. Baca juga: Chivu: Stones dan Jones Masih Butuh Adaptasi ""Memang selalu menyenangkan dihubungkan dengan klub-klub besar semacam itu,"" kata pemain berusia 28 tahun ini kepada Sky Sport Italia . ""Anda tahu kan historiku bersama Inter, aku sudah berada di sini selama bertahun-tahun, aku tumbuh besar di sana."" ""Soal kontrak baru, kami belum membicarakannya. Aku berharap itu akan terjadi, mengingat bagaimana musim lalu berakhir, tapi akan ada kesempatan untuk membahasnya sesegera mungkin,"" lugas Federico Dimarco . Video: Real Madrid Menang 2-1 dari Inter Milan, Mbappe Cetak Gol Video: Real Madrid Menang 2-1 dari Inter Milan, Mbappe Cetak Gol (rin/yna) federico dimarco inter milan"
Pape Matar Sarr Mau Tiru Sukses Pogba di Juventus,https://sport.detik.com/sepakbola/liga-italia/d-8646081/pape-matar-sarr-mau-tiru-sukses-pogba-di-juventus,"Jakarta - Pape Matar Sarr telah menjadi bagian dai Juventus untuk musim 2026/2027. Dia ingin mengikuti sukses Paul Pogba. Juventus meminjam Sarr dari Tottenham Hotspur dengan harga 2,5 juta Euro, termasuk biaya tambahan sebesar 300 ribu Euro. Juventus juga memiliki opsi untuk membeli Sarr secara permanen dengan tambahan 27,5 juta Euro. Sarr diminta menyebutkan seorang panutan di antara para mantan bintang Juventus. Gelandang asal Senegal itu menyebut Pogba. SCROLL TO CONTINUE WITH CONTENT Pogba adalah pemain yang kariernya melambung di Juventus. Performa pria asal Prancis itu kemudian merosot di Manchester United dan saat kembali ke Juventus tersandung masalah doping. Baca juga: Juventus Pinjam Pape Matar Sarr dari Tottenham ADVERTISEMENT ""Jika saya harus menyebutkan seorang panutan Juventus, saya akan mengatakan Paul Pogba,"" kata Sarr yang dikutip dari situs resmi Juventus. Juventus sebelumnya mengincar Franck Kessie, tetapi akhirnya gagal mencapai kesepakatan dengan pemain internasional Pantai Gading tersebut, yang berstatus bebas transfer, sehingga Bianconeri merekrut Sarr sebagai gantinya. ""Saya adalah pemain yang suka bergerak naik turun di kedua sisi lapangan. Saya bisa mencetak gol, membangun permainan tim, dan juga bertahan,"" Sarr menjelaskan. ""Saya berusaha melindungi tim dan membantu mereka bermain dengan baik juga. Begitulah cara saya menggambarkan permainan saya,"" tegasnya. Baca juga: Juventus Ditinggal Kenan Yildiz 2-3 Bulan Video Tottenham Libas Everton 3-0 Video Tottenham Libas Everton 3-0 (ran/rin) pape matar sarr juventus paul pogba"
Lautaro Martinez Benarkan Rumor Barcelona,https://sport.detik.com/sepakbola/liga-italia/d-8645983/lautaro-martinez-benarkan-rumor-barcelona,"Milan - Penyerang Inter Milan Lautaro Martinez memastikan kebenaran dari rumor ketertarikan Barcelona di bursa musim panas ini. Namun, Lautaro mantap memilih bertahan. Setelah melepas Robert Lewandowski, Barca berburu penyerang tengah di sepanjang bursa transfer. Julian Alvarez (Atletico Madrid) jadi buruan utama, dan Lautaro Martinez diyakini jadi alternatifnya. Pada prosesnya, Alvarez gagal didaratkan ke Camp Nou karena Atletico menolak melego. Sementara itu, Lautaro masih tetap bersama Inter Milan, dan Barca akhirnya merekrut Gabriel Jesus dari Arsenal. SCROLL TO CONTINUE WITH CONTENT Baca juga: Chivu: Stones dan Jones Masih Butuh Adaptasi Di sela-sela acara Gran Gala del Calcio, Lautaro Martinez tak memungkiri bahwa dirinya senang karena diminati Barcelona berarti performanya gemilang. Namun, Lautaro memilih terus berkomitmen kepada Nerazzurri, bahkan kalau bisa ingin bertahan sampai akhir kariernya. ADVERTISEMENT "" Barcelona ? Ketika tawaran dan panggilan seperti ini datang, selalu menyenangkan karena Anda bekerja untuk terus jadi yang terbaik,"" kata bomber Argentina itu dilansir Eurosport. Baca juga: Chivu Tak Sedikitpun Ragukan Komitmen Lautaro Martinez ""Rumor itu benar, tapi aku toh punya ide yang jelas. Aku ingin bertahan di sini dengan rekan-rekan setimku dan fans yang luar biasa ini. Aku ingin sekali tinggal selamanya, dan selama mereka menginginkan aku, aku akan bertahan di sini."" ""Kita mengetahui soal ini: ketika Anda tidak lagi dibutuhkan, mereka akan menyuruh Anda keluar. Inter itu tentang rasa bangga, bahagia, dan hasrat untuk terus berlanjut. Aku telah memilih bertahan di sini sekali lagi; aku ingin mencapai hal-hal yang hebat di Inter,"" ungkap Lautaro Martinez . Pesepakbola berusia 29 tahun itu telah membuat 378 penampilan untuk Inter Milan sejak bergabung pada musim panas 2018. Sebanyak 175 gol plus 56 assist jadi kontribusi Lautaro dalam lebih dari delapan musim, dan memenang tiga Scudetto dan Coppa Italia, serta dua kali jadi finalis Liga Champions. Video: Menang 1-0 atas Atalanta, Inter Balik Lagi ke Puncak Klasemen Video: Menang 1-0 atas Atalanta, Inter Balik Lagi ke Puncak Klasemen (rin/ran) lautaro martinez barcelona inter milan"
"Nick Woltemade: Saya Pemain Cerdas, Bisa Banyak Hal",https://sport.detik.com/sepakbola/liga-italia/d-8645982/nick-woltemade-saya-pemain-cerdas-bisa-banyak-hal,"Jakarta - Nick Woltemade menjadi amunisi baru Juventus di lini tengah. Dia mengaku sebagai pemain yang cerdas, bukan cuma mengandalkan fisik. Juventus meminjam Woltemade dari Newcastle selama satu musim penuh. Bianconeri membayar biaya pinjaman sebesar 2,8 juta Euro dengan bonus hingga 500 ribu Euro dan biaya tambahan sebesar 800 ribu Euro. Pelatih Luciano Spalletti menginginkan Woltemade sebagai striker yang bisa dimanfaatkan secara fisik. Woltemade diketahui punya tinggi badan mencapai 1,98 meter. SCROLL TO CONTINUE WITH CONTENT Baca juga: Juventus Tambah Amunisi Striker, Woltemade Diboyong dari Newcastle ""Apakah anda mengharapkan saya hanya bermain secara fisi? Kualitas terbaik saya adalah teknik dan pemahaman tentang permainan,"" kata Woltemade dalam wawancara pertamanya dengan Juventus. ADVERTISEMENT ""Saya rasa saya pemain yang cerdas, saya bisa mencetak gol, saya bisa memberikan assist, saya bisa memberikan umpan terakhir untuk rekan setim saya. Saya pandai menemukan posisi yang tepat di lapangan. Secara keseluruhan, itu adalah gaya bermain saya. Jarang sekali Anda melihat pemain jangkung bermain seperti saya,"" sambungnya. Striker asal Jerman itu tidak begitu cemerlang di Premier League. Dia mencatatkan 11 gol dalam 53 penampilan di semua kompetisi dan memberikan enam assist. ""Tahun lalu saya pindah ke Inggris dan bisa belajar banyak dari sana, seperti dari segi fisik dan kecerdasan dalam bermain. Sekarang saya sangat senang berada di Italia untuk bermain di klub top lainnya, terutama sekarang bersama Juventus di klub yang sangat besar,"" tegasnya. Baca juga: Juventus Pinjam Pape Matar Sarr dari Tottenham Video: Sepakat Dibeli PSG 35 Juta Euro, Zion Suzuki Buka Opsi Dipinjam Juventus Video: Sepakat Dibeli PSG 35 Juta Euro, Zion Suzuki Buka Opsi Dipinjam Juventus (ran/rin) juventus nick woltemade"
"McTominay: Napoli Pernah Kalahkan Inter, Bisa Menang Lagi",https://sport.detik.com/sepakbola/liga-italia/d-8645981/mctominay-napoli-pernah-kalahkan-inter-bisa-menang-lagi,"Naples - Scott McTominay memang akan absen saat Napoli menantang Inter Milan . Meski begitu, McTominay tak ragu Napoli akan mampu mengalahkan si juara bertahan lagi. Giornata ketiga Liga Italia akhir pekan ini akan menyajikan duel panas antara Inter Milan vs Napoli . Laga akan dipanggungkan di Stadion Giuseppe Meazza pada Sabtu (5/9/2026) malam WIB. Menghadapi Inter, Partenopei gagal memperoleh modal positif menyusul kekalahan 0-2 di tangan Como. Sedangkan start Nerazzurri masih mulus usai menggasak Monza 4-1 dan menang tipis 1-0 atas Cagliari. SCROLL TO CONTINUE WITH CONTENT Baca juga: McTominay Akan Pertimbangkan Seandainya Diminta Mourinho Gabung Madrid Situasi kurang ideal Napoli ditambah dengan absennya McTominay karena harus menjalani operasi jantung ringan. Namun, sederet kondisi kurang menguntungkan itu tak menyurutkan optimisme gelandang Skotlandia itu di laga tandang melawan Inter. ADVERTISEMENT Bagaimanapun, Napoli terbukti jadi batu sandungan Inter Milan belakangan ini. Klub Naples itu empat kali menahan si Biru Hitam dalam lima pertemuan terakhir di Serie A. Sedangkan satu laga lainnya, Napoli sukses mempecundangi Inter 3-1, yang mana Scott McTominay menyumbang satu gol. Baca juga: Duh! Scott McTominay Harus Jalani Operasi Jantung ""Memang sungguh disayangkan. Ini akan sebuah pertandingan penting, sebuah tantangan yang sangat besar,"" kata dia kepada Corriere della Sera . ""Kami harus ke sana dengan keyakinan penuh bahwa kami bisa tampil dan menang."" ""Kami kan pernah mengalahkan mereka sekali, jadi aku tidak melihat alasan mengapa kami tidak bisa melakukannya lagi,"" sambung mantan pemain Manchester United ini. ""Aku tidak akan duduk dis ini dan mengatakan bahwa tim lain lebih baik daripada kami, bahwa mereka punya pemain-pemain yang lebih baik, karena aku tidak melihat sepakbola seperti itu. Mengakui sesuatu hal seperti itu berarti tanda kelemahan,"" ceplos McTominay menatap duel Inter vs Napoli . Video Inter Vs Napoli: McTominay Gagalkan Kemenangan Si Ular, Conte Diusir Wasit Video Inter Vs Napoli: McTominay Gagalkan Kemenangan Si Ular, Conte Diusir Wasit (rin/ran) scott mctominay napoli inter milan vs napoli inter vs napoli liga italia serie a inter milan"
McTominay Akan Pertimbangkan Seandainya Diminta Mourinho Gabung Madrid,https://sport.detik.com/sepakbola/liga-italia/d-8645922/mctominay-akan-pertimbangkan-seandainya-diminta-mourinho-gabung-madrid,"Naples - Bintang Napoli Scott McTominay mengaku akan mempertimbangkan, andai diminta Jose Mourinho untuk bergabung Real Madrid . Mourinho berjasa dalam karier McTominay. McTominay mencuat lagi sejak menyeberang ke Napoli dari Manchester United pada dua tahun lalu. Gelandang sekaligus kapten Timnas Skotlandia itu sudah membukukan total 27 gol dan 10 assist, yang membantu Partenopei memenangi Scudetto di musim debutnya lalu finis kedua di 2025/2026. Pesepakbola berusia 29 tahun itu bahkan masuk dalam 30 pemain nominator Ballon d'Or 2025, di mana dia akhirnya finis ke-18. SCROLL TO CONTINUE WITH CONTENT Baca juga: Duh! Scott McTominay Harus Jalani Operasi Jantung Sementara itu, Scott McTominay melakoni debutnya bersama MU di bawah asuhan Jose Mourinho pada September 2017. McTominay tercatat dimainkan the Special One sebanyak 31 kali, sebelum keduanya berpisah lantaran Mourinho diberhentikan di tengah-tengah musim 2017/2018. ADVERTISEMENT Setelah sewindu kemudian, Mourinho menukangi Real Madrid untuk kedua kalinya. McTominay tampaknya akan senang jika saja Mourinho memanggilnya untuk bereuni di ibukota Spanyol. Baca juga: Allegri: Napoli Terlalu Lembek ""Seandainya itu [dihubungi Mourinho untuk bergabung Madrid-red] terjadi, aku akan memikirkannya,"" cetus McTominay singkat dalam wawancaranya dengan Corriere della Sera. Scott McTominay sendiri masih terikat kontrak dengan Napoli sampai musim panas 2028. Klub Naples itu kini siap-siap ditinggal McTominay selama beberapa saat karena harus menjalani operasi jantung karena aritmia. Video Jose Mourinho: Pemain Terbaik Dunia Ada di Real Madrid Video Jose Mourinho: Pemain Terbaik Dunia Ada di Real Madrid (rin/ran) scott mctominay jose mourinho real madrid napoli"
"Juventus Tambah Amunisi Striker, Woltemade Diboyong dari Newcastle",https://sport.detik.com/sepakbola/liga-italia/d-8644312/juventus-tambah-amunisi-striker-woltemade-diboyong-dari-newcastle,"Jakarta - Juventus menambah amunisi di lini depan menjelang akhir bursa transfer musim panas 2026. Bianconeri meminjam Nick Woltemade dari Newcastle United. ""Seorang pemain baru telah bergabung dengan skuad yang tersedia bagi manajer Luciano Spalletti musim ini: Nick Woltemade pindah dari Newcastle ke Juventus dengan status pinjaman hingga 30 Juni 2027,"" bunyi keterangan resmi Juve, Rabu (2/9/2020) dini hari WIB. Juventus telah mengkonfirmasi biaya pasti dari kesepakatan ini. Si Nyonya Tua akan membayar biaya pinjaman sebesar 2,8 juta Euro dengan bonus hingga 500 ribu Euro dan biaya tambahan sebesar 800 ribu Euro. SCROLL TO CONTINUE WITH CONTENT Baca juga: Juventus Pinjam Pape Matar Sarr dari Tottenham Striker asal Jerman itu tidak begitu cemerlang di Premier League. Dia mencatatkan 11 gol dalam 53 penampilan di semua kompetisi dan memberikan enam assist. ADVERTISEMENT Woltemade adalah pemain terbaru dalam daftar panjang rekrutan baru Juventus di musim panas ini, yang juga termasuk Randal Kolo Muani, Kerim Alajbegovic, Jhon Lucumi, Guglielmo Vicario, Jeff Ekhator, dan Zeki Celik. Pape Matar Sarri juga bergabung dengan Juventus dengan status pinjaman dengan opsi pembelian dari Tottenham pada hari terakhir bursa transfer. Baca juga: Juventus Ditinggal Kenan Yildiz 2-3 Bulan Video: Sepakat Dibeli PSG 35 Juta Euro, Zion Suzuki Buka Opsi Dipinjam Juventus Video: Sepakat Dibeli PSG 35 Juta Euro, Zion Suzuki Buka Opsi Dipinjam Juventus (ran/yna) nick woltemade juventus newcastle united bursa transfer"
Juventus Pinjam Pape Matar Sarr dari Tottenham,https://sport.detik.com/sepakbola/liga-italia/d-8644233/juventus-pinjam-pape-matar-sarr-dari-tottenham,"Jakarta - Juventus memboyong pemain menjelang akhir bursa transfer musim panas 2026. Si Nyonya Tua mendatangkan Pape Matar Sarr dari Tottenham Hotspur. ""Pape Matar Sarr adalah pemain baru Juventus. Gelandang asal Senegal, kelahiran 2002, bergabung dengan Juventus setelah pengalamannya di Premier League bersama Tottenham, klub tempat ia melanjutkan perkembangan kariernya di sepakbola Eropa,"" bunyi penyataan Juve, Selasa (1/9/2026) malam WIB. Juventus mendatangkan Sarr dengan status pinjaman dari Tottenham hingga akhir Juni 2027 dengan biaya 2,5 juta Euro, termasuk biaya tambahan sebesar 300 ribu Euro. SCROLL TO CONTINUE WITH CONTENT Baca juga: Juventus Ditinggal Kenan Yildiz 2-3 Bulan Juventus juga akan memiliki opsi untuk membeli Sarr secara permanen dengan tambahan 27,5 juta Euro, yang akan dibayarkan selama tiga tahun keuangan. ADVERTISEMENT Sarr adalah pemain ketujuh yang direkrut Juventus pada jendela transfer musim panas ini, menyusul kedatangan Randal Kolo Muani, Kerim Alajbegovic, Jhon Lucumi, Guglielmo Vicario, Jeff Ekhator, dan Zeki Celik. Juventus juga dalam waktu dekat disebut-sebut akan meresmikan rekrutan Nick Woltemade dari Newcastle United. Video: Sepakat Dibeli PSG 35 Juta Euro, Zion Suzuki Buka Opsi Dipinjam Juventus Video: Sepakat Dibeli PSG 35 Juta Euro, Zion Suzuki Buka Opsi Dipinjam Juventus (ran/raw) pape matar sarr juventus bursa transfer tottenham hotspur"
Milan Rekrut Hutchinson Gantikan Leao yang Hengkang ke Turki,https://sport.detik.com/sepakbola/liga-italia/d-8643810/milan-rekrut-hutchinson-gantikan-leao-yang-hengkang-ke-turki,"Milan - AC Milan mendatangkan Omari Hutchinson dari Nottingham Forest . Ia diproyeksikan menggantikan peran dari Rafael Leao yang hengkang ke Galatasaray. Milan resmi merekrut Omari Hutchinson dari Nottingham Forest. Ia didatangkan dengan status pinjaman oleh Rossoneri selama satu tahun hingga Juni 2027. Il Diavolo dilaporkan harus mengeluarkan dana 4 juta euro untuk meminjam pemain asal Inggris ini. Milan punya opsi mempermanenkan Hutchinson dengan menebusnya senilai 40 juta euro. SCROLL TO CONTINUE WITH CONTENT Baca juga: Hasil dan Klasemen Liga Italia: Inter Milan di Puncak Hutchinson akan mengenakan nomor punggung 20 di Milan. Ia diproyeksikan untuk menggantikan peran dari Rafael Leao. ADVERTISEMENT Milan kehilangan Rafael Leao yang hengkang ke Galatasaray. Raksasa Turki tersebut menebus Leao dari Rossoneri dengan nilai transfer 38 juta euro. Leao mengakhiri pengabdiannya selama tujuh musim dengan Milan. Hutchinson pernah bermain untuk tim muda Arsenal dan Chelsea. Ia lalu bermain untuk Ipswich Town untuk kemudian berseragam Nottingham sejak 2025. Pemain 22 tahun ini bisa bermain di kedua sisi sayap. Hutchinson pada musim lalu mengemas satu gol dan delapan assist untuk Nottingham dalam 41 penampilan di semua ajang. Hutchinson merupakan rekrutan kelima Milan pada bursa transfer musim panas ini. Empat rekrutan anyar Milan sebelumnya adalah Goncalo Ramos, Diego Moreira, dan Sankhoun Diawara. Milan tengah membangun era baru bersama pelatih anyar Rubin Amorim. Milan memulai musim ini di bawah Amorim dengan menjanjikan usai meraih dua kemenangan di dua laga awal Serie A. Baca juga: Start Sip Amorim di AC Milan Video: Saling Berbalas Gol, Liverpool vs Nottingham Berakhir 2-2 Video: Saling Berbalas Gol, Liverpool vs Nottingham Berakhir 2-2 (pur/krs) ac milan omari hutchinson nottingham forest rafael leao serie a sepak bola italia bursa transfer"
Sanchez Merapat ke Como usai Digusur Martinez di Chelsea,https://sport.detik.com/sepakbola/liga-italia/d-8642879/sanchez-merapat-ke-como-usai-digusur-martinez-di-chelsea,"Jakarta - Chelsea akan meminjamkan Robert Sanchez ke Como . Kiper asal Spanyol itu tergusur seiring kedatangan Emiliano Martinez dari Aston Villa. Martinez langsung menjadi pilihan utama manajer Xabi Alonso saat Chelsea mengalahkan Brighton & Hove Albion 4-3 akhir pekan lalu. Ia sudah meneken kontrak beberapa hari sebelumnya, namun transfernya baru diumumkan beberapa jam sebelum kickoff. Sanchez yang membuat blunder saat Chelsea menang 3-2 atas Fulham di pekan perdana pun langsung hilang dari skuad saat melawan Brighton. Padahal ia merupakan pilihan utama musim lalu, dan Alonso sempat menaruh kepercayaan padanya. SCROLL TO CONTINUE WITH CONTENT Baca juga: Villa-Chelsea Sering Transaksi Pemain, Emery: Semata-mata karena Uang The Athletic melaporkan Chelsea telah bergerak mencari klub yang mau menampung Sanchez. Como, yang akan berlaga di Liga Champions musim ini, telah mencapai kesepakatan dengan The Blues untuk memakai jasanya selama semusim. ADVERTISEMENT Sanchez telah mencatat 104 penampilan untuk Chelsea sejak direkrut pada 2023 dari Brighton. Ia menjadi kiper utama saat The Blues memenangi Piala Dunia Antarklub tahun lalu, namun performanya tak pernah benar-benar stabil. Selalu ada periode ia digantikan oleh kiper lain. Djordje Petrovic sempat bersaing dengannya di musim pertama, lalu ada Filip Jorgensen dalam dua musim berikutnya. Seiring kedatangan Martinez, Sanchez menjadi surplus karena Chelsea telah memiliki Mike Penders dan Teddy Sharman-Lowe sebagai pelapis. Baca juga: Emi Martinez Gabung Chelsea untuk Juara Premier League Baca juga: Tetap Tenang ala Alonso Di Como, ia akan bersaing dengan Jean Butez yang menjadi pilihan utama musim lalu dan di awal musim ini. Lalu masih ada kiper Timnas Indonesia, Emil Audero yang masih terikat kontrak sampai 2028. Simak juga Video: Maresca: Sanchez Harusnya Biarkan Mbeumo Cetak Gol, Masih Ada 95 Menit [Gambas:Video 20detik] (adp/mrp) chelsea como emiliano martinez robert sanchez"
Klasemen Liga Italia: Roma Salip Inter,https://sport.detik.com/sepakbola/liga-italia/d-8642859/klasemen-liga-italia-roma-salip-inter,"Jakarta - AS Roma kembali menang besar di pekan kedua Liga Italia musim ini. Tim asuhan Gian Piero Gasperini itu kini duduk di puncak klasemen sementara. Roma menghajar tuan rumah Lecce empat gol tanpa balas pada Senin (31/8/2026) malam WIB. Donyell Malen mencetak dua gol, sisanya dihasilkan oleh Matias Soule dan Rodrigo Mora. Ini merupakan kemenangan kedua beruntun Roma usai menghajar Fiorentina dengan skor serupa sekitar sepekan sebelumnya. I Lupi naik ke urutan pertama dengan koleksi enam poin dan selisih gol surplus (+8). SCROLL TO CONTINUE WITH CONTENT Baca juga: Lecce Vs Roma: Menang 4-0, I Lupi ke Puncak Klasemen Koleksi poin Roma sama dengan Inter Milan, AC Milan, Juventus, Atalanta, dan Lazio yang juga selalu meraih kemenangan di dua laga awal. Namun selisih gol mereka jauh di atas lima tim tersebut. ADVERTISEMENT Serie A pekan selanjutnya akan digelar pada 5-8 September mendatang. Sejumlah laga seru akan hadir, seperti Inter vs Napoli, Roma vs Atalanta, hingga Juventus vs Milan. Baca juga: Chivu: Stones dan Jones Masih Butuh Adaptasi Berikut hasil lengkap pekan kedua Liga Italia musim ini: Milan 2-0 Venezia Sassuolo 2-1 Torino Fiorentina 0-3 Frosinone Monza 2-3 Udinese Juventus 2-0 Parma Napoli 1-2 Como Cagliari 0-1 Inter Lazio 1-0 Genoa Lecce 0-4 Roma Atalanta 1-0 Bologna Klasemen sementara Liga Italia 2026/27 hingga Selasa, 1 September 2026: Posisi Tim Main M S K SG Poin 1 Roma 2 2 0 0 8-0 6 2 Inter Milan 2 2 0 0 5-1 6 3 AC Milan 2 2 0 0 4-1 6 4 Juventus 2 2 0 0 3-0 6 5 Atalanta 2 2 0 0 3-1 6 6 Lazio 2 2 0 0 2-0 6 7 Udinese 2 1 1 0 4-3 4 8 Como 2 1 1 0 3-2 4 9 Frosinone 2 1 0 1 3-1 3 10 Napoli 2 1 0 1 3-2 3 11 Sassuolo 2 1 0 1 3-3 3 12 Cagliari 2 1 0 1 1-1 3 13 Lecce 2 1 0 1 2-4 3 14 Torino 2 0 0 2 2-4 0 15 Bologna 2 0 0 2 0-2 0 16 Genoa 2 0 0 2 0-3 0 17 Parma 2 0 0 2 0-3 0 18 Monza 2 0 0 2 3-7 0 19 Venezia 2 0 0 2 0-4 0 20 Fiorentina 2 0 0 2 0-7 0 Tonton juga Video: Calhanoglu Bikin Gol Spektakuler! Inter Hajar AS Roma 5-2 [Gambas:Video 20detik] (adp/rin) as roma liga italia serie a klasemen liga italia klasemen serie a"
Juventus Ditinggal Kenan Yildiz 2-3 Bulan,https://sport.detik.com/sepakbola/liga-italia/d-8642749/juventus-ditinggal-kenan-yildiz-2-3-bulan,"Turin - Kabar buruk diterima Juventus di awal musim 2026/2027. Pemain depan Juve Kenan Yildiz mesti menepi tidak sebentar usai menjalani operasi kaki. Yildiz menderita retak tulang jari kaki kiri saat memperkuat Bianconeri dalam kemenangan atas Frosinone 2-0, sepekan lalu. Penyerang internasional Turki itu kemudian naik meja bedah di Augsburg, Jerman pada Senin (31/8/2026). Dalam sebuah pernyataan yang dirilis Juventus menyebutkan bahwa operasi Yildiz berjalan sukses, dan si pemain akan mulai pemulihannya secepatnya besok (1/9). SCROLL TO CONTINUE WITH CONTENT Baca juga: Penampilan Hebat dari Juventus ""Pada Hari Senin, 31 Agustus, Kenan Yildiz menjalani operasi untuk memperbaiki retakan di pangkal tulang metatarsal kelima di kaki kirinya. Operasi itu dilakukan di Klinik Augsburg Hessingpark oleh dr Martin Jordan dengan kehadiran dokter klub, dr Marco Freschi, dan berjalan dengan sukses, dan si pemain akan mulai program rehabilitasinya secepatnya besok,"" bunyi keterangan di laman resmi klub. ADVERTISEMENT Baca juga: Hasil dan Klasemen Liga Italia: Inter Milan di Puncak Bianconeri tidak menyebutkan berapa lama Kenan Yildiz akan absen. Namun, Football-Italia meyakini bahwa Yildiz akan absen dua sampai tiga bulan lamanya. Yildiz telah mengemas 27 gol dan 21 assist dalam 132 penampilan untuk Juventus selama lebih dari tiga musim. Pesepakbola berusia 21 tahun itu tampil impresif pada musim lalu usai menyumbang 11 gol dan 10 assist. Lini serang Juventus semakin tipis karena penyerang tengah Jeff Ekhator juga dibekap cedera. Rumornya, si Nyonya Tua membidik penyerang Newcastle United Nick Woltemade. Video: Sepakat Dibeli PSG 35 Juta Euro, Zion Suzuki Buka Opsi Dipinjam Juventus Video: Sepakat Dibeli PSG 35 Juta Euro, Zion Suzuki Buka Opsi Dipinjam Juventus (rin/mrp) juventus kenan yildiz"
"Juventus Segera Datangkan Woltemade, Lepas David ke Atletico",https://sport.detik.com/sepakbola/liga-italia/d-8642742/juventus-segera-datangkan-woltemade-lepas-david-ke-atletico,"Jakarta - Juventus segera mendatangkan Nick Woltemade dari Newcastle United . Pemain asal Jerman itu akan dipinjam selama semusim. Dirangkum dari The Athletic, The Guardian, dan Sky Sport Italia, Newcastle awalnya ingin mempertahankan pemain asal Jerman tersebut, namun perubahan di posisi pelatih dari Eddie Howe ke Jaissle turut memengaruhi situasi. Manajer baru The Magpies itu kini lebih mengutamakan Yoane Wissa dan William Osula di lini serang. Dalam dua laga awal di Premier League musim ini, Woltemade baru turun sekali, yakni sebagai pemain pengganti saat menghadapi Tottenham Hotspur. SCROLL TO CONTINUE WITH CONTENT Baca juga: Fiorentina Batal Pinjam Joshua Zirkzee Selain itu, kabar kedatangan Matias Fernandez-Pardo dari Lille akan semakin menyulitkan kans Woltemade. Juventus kini telah mencapai kesepakatan dengan Newcastle untuk mendatangkan pemain 24 tahun itu. ADVERTISEMENT Woltemade akan menjadi penyerang keempat yang datang ke Turin setelah Jeff Ekhator, Kerim Alajbegovic, dan Randal Kolo Muani. Di sisi lain, Jonathan David yang hanya mencetak enam gol di Serie A musim lalu akan dipinjamkan ke Atletico Madrid . Juventus juga telah melepas Dusan Vlahovic yang hijrah ke Besiktas dan meminjamkan Lois Openda ke Lyon pada musim panas ini. David gagal bersinar di Juventus musim lalu. Foto: REUTERS/Alberto Lingria Woltemade direkrut Newcastle pada musim panas 2025 seharga 69 juta pound usai mencetak 18 gol dari 36 laga bersama Stuttgart serta memenangi DFB-Pokal. Namun di tahun pertamanya berkiprah di Inggris, ia hanya mengemas 11 gol dari 51 penampilan. Juventus kabarnya harus membayar biaya peminjaman Woltemade senilai 5 juta pound. Baca juga: Start Sip Amorim di AC Milan (adp/rin) juventus nick woltemade jonathan david atletico madrid newcastle united"
"Nyetel di Como, Anak Eks Pelatih Timnas Indonesia Ini Dipuji Fabregas",https://sport.detik.com/sepakbola/liga-italia/d-8641745/nyetel-di-como-anak-eks-pelatih-timnas-indonesia-ini-dipuji-fabregas,"Jakarta - Luis Milla Manzanares menjelma jadi andalan Como di lini tengah. Performa anak dari mantan pelatih Timnas Indonesia itu disanjung oleh Cesc Fabregas . Luis Milla diboyong Como dari Getafe pada musim panas tahun ini. Dia selalu bermain penuh dalam dua laga awal Serie A musim ini. Luis Milla adalah anak dari Luis Milla Aspas, yang pernah menjadi pelatih Timnas Indonesia dan Persib Bandung. Luis Milla Aspas juga karier sepakbolanya menonjol bersama Barcelona dan Real Madrid. SCROLL TO CONTINUE WITH CONTENT Luis Milla saat ini sudah berusia 31 tahun. Bermain untuk Como menjadi perjalanan awalnya berkarier di luar Spanyol. Dalam dua laga bersama Como, Luis Milla mencatatkan akurasi passing 91,9 persen. Dia juga punya atribut bertahan tiga tekel sukses, delapan intercept, empat sapuan, dan dua blok. ADVERTISEMENT Baca juga: Napoli Vs Como 1907: I Lariani Kalahkan Partenopei 2-1 Atribut menyerang Luis Milla juga cukup oke sejauh ini. Dia menghasilkan enam umpan kunci. ""Milla sangat diremehkan di Spanyol, tapi itu wajar. Ada begitu banyak pemain hebat sehingga terkadang kita cenderung melupakan pemain lain, yang bukan Pedri atau Rodri,"" kata Fabregas kepada DAZN. ""Saya sudah lama memantaunya. Kariernya terus meningkat, dan sekarang saatnya dia bermain di Liga Champions. Anda tahu kami mencoba mendatangkan pemain muda ke sini, tetapi saya senang mendapatkannya,"" sambungnya. Como saat ini meraih empat poin. Setelah sempat imbang 1-1 melawan Udinese, Como berhasil menang 2-1 di markas Napoli. Baca juga: Dari Timnas Beralih ke Klub, STY Ikuti Jejak Luis Milla (ran/krs) como cesc fabregas luis milla"
